time,rule,magic,signal_id,dir,ref_entry,close_price,pips,closed_count,profit_usd,hold_min,remain,reason
2026.09.02 16:34:19,J,600009,-1004472107780_1740,SELL,4366.20,4361.80,44.0,0,0.00,0.0,2,J:TP1到達
2026.09.02 16:34:22,D,600003,-1004472107780_1740,SELL,4366.00,4361.80,42.0,0,0.00,0.0,2,D:TP1到達
2026.09.02 16:34:25,N,600013,-1004472107780_1740,SELL,4365.99,4361.80,41.9,0,0.00,0.0,0,N:1段目(+40p)
2026.09.02 16:34:25,B,600001,-1004472107780_1740,SELL,4366.67,4361.80,48.7,0,0.00,0.0,2,B:TP1到達
2026.09.02 16:34:28,C,600002,-1004472107780_1740,SELL,4366.67,4361.80,48.7,0,0.00,0.0,0,C:TP1到達
2026.09.02 16:34:30,F,600005,-1004472107780_1740,SELL,4366.61,4361.80,48.1,0,0.00,0.0,0,F:+%.0fp到達
2026.09.02 16:34:32,H,600007,-1004472107780_1740,SELL,4366.76,4361.80,49.6,0,0.00,0.0,2,H:TP1到達
2026.09.02 16:34:35,G,600006,-1004472107780_1740,SELL,4366.76,4361.80,49.6,0,0.00,0.0,1,G:1段目(+%.0fp)到達
2026.09.02 16:35:00,J,600009,-1004472107780_1740,SELL,4366.20,4364.80,14.0,2,1.73,1.1,0,SL確定足突破
2026.09.02 16:36:00,O,600014,-1004472107780_1740,SELL,4365.90,4367.05,-11.5,1,-1.26,2.3,0,SL確定足突破
2026.09.02 16:36:00,H,600007,-1004472107780_1740,SELL,4366.76,4367.05,-2.9,2,-2.51,2.2,0,SL確定足突破
2026.09.02 16:36:01,I,600008,-1004472107780_1740,SELL,4366.35,4367.05,-7.0,2,-2.94,1.9,0,SL確定足突破
2026.09.02 16:37:38,A,600000,-1004472107780_1740,SELL,4368.00,4363.75,42.5,0,0.00,0.0,8,A:TP1到達
2026.09.02 16:37:40,E,600004,-1004472107780_1740,SELL,4368.00,4363.41,45.9,0,0.00,0.0,8,E:1.0倍水準到達
2026.09.02 16:37:47,E,600004,-1004472107780_1740,SELL,4368.00,4362.78,52.2,0,0.00,0.0,4,E:1.1倍水準到達
2026.09.02 16:40:43,K,600010,-1004472107780_1740,SELL,4368.58,4365.55,30.3,0,0.00,0.0,9,K:CLOSE_ALL
2026.09.02 16:42:01,E,600004,-1004472107780_1740,SELL,4368.00,4369.77,-17.7,4,-9.33,6.6,0,SL確定足突破
2026.09.02 16:43:02,D,600003,-1004472107780_1740,SELL,4366.00,4372.75,-67.5,8,-44.27,6.7,0,SL確定足突破
2026.09.02 16:43:04,L,600011,-1004472107780_1740,SELL,4369.12,4372.75,-36.3,10,-66.43,7.3,0,SL確定足突破
2026.09.02 16:43:06,B,600001,-1004472107780_1740,SELL,4366.67,4372.75,-60.8,8,-48.81,6.8,0,SL確定足突破
2026.09.02 16:43:06,G,600006,-1004472107780_1740,SELL,4365.16,4372.75,-75.9,1,-9.36,9.2,0,SL確定足突破
2026.09.03 10:16:23,F,600005,-1004472107780_1757,BUY,4421.92,4424.01,20.9,3,0.12,5.9,3,F:半数決済(+20p)
2026.09.03 10:19:04,N,600013,-1004472107780_1757,BUY,4421.92,4425.98,40.6,2,3.24,9.4,4,N:1段目(+40p)
2026.09.03 10:19:05,C,600002,-1004472107780_1757,BUY,4421.92,4425.98,40.6,3,5.71,8.6,3,C:TP1到達
2026.09.03 10:19:05,D,600003,-1004472107780_1757,BUY,4421.92,4425.98,40.6,3,6.03,8.6,3,D:TP1到達
2026.09.03 10:19:07,A,600000,-1004472107780_1757,BUY,4421.92,4425.98,40.6,6,17.92,7.1,0,A:TP1到達
2026.09.03 10:19:08,H,600007,-1004472107780_1757,BUY,4421.92,4425.98,40.6,3,6.39,8.7,3,H:TP1到達
2026.09.03 10:19:08,J,600009,-1004472107780_1757,BUY,4421.92,4425.98,40.6,3,6.39,8.7,3,J:TP1到達
2026.09.03 10:19:09,B,600001,-1004472107780_1757,BUY,4421.92,4425.98,40.6,3,6.23,8.7,3,B:TP1到達
2026.09.03 10:19:10,M,600012,-1004472107780_1757,BUY,4421.92,4425.98,40.6,3,6.91,8.7,3,C:TP1到達
2026.09.03 10:19:10,G,600006,-1004472107780_1757,BUY,4421.92,4425.98,40.6,2,4.50,9.6,4,G:1段目(+40p)
2026.09.03 10:19:10,E,600004,-1004472107780_1757,BUY,4421.92,4426.39,44.7,0,0.00,0.0,6,E:建値移動(決済なし)
2026.09.03 10:23:11,E,600004,-1004472107780_1757,BUY,4421.92,4426.80,48.8,3,8.43,12.7,3,E:1.1倍水準到達
2026.09.03 10:23:23,D,600003,-1004472107780_1757,BUY,4421.92,4428.06,61.4,0,0.00,0.0,3,D:建値移動(決済なし)
2026.09.03 10:23:48,I,600008,-1004472107780_1757,BUY,4421.92,4429.53,76.1,3,16.58,13.3,3,I:TP1(半数)
2026.09.03 10:23:55,N,600013,-1004472107780_1757,BUY,4421.92,4430.10,81.8,2,13.73,11.3,2,N:2段目(+80p)
2026.09.03 10:23:55,G,600006,-1004472107780_1757,BUY,4421.92,4430.10,81.8,2,13.49,11.3,2,G:2段目(+80p)
2026.09.03 10:54:32,E,600004,-1004472107780_1757,BUY,4421.92,4431.00,90.8,3,25.50,41.0,0,E:2.0倍水準到達
2026.09.03 11:03:20,H,600007,-1004472107780_1757,BUY,4421.92,4431.94,100.2,0,0.00,0.0,3,H:建値移動(決済なし)
2026.09.03 11:03:21,O,600014,-1004472107780_1757,BUY,4421.92,4431.94,100.2,3,23.98,52.9,3,O:TP(+100p半数)
2026.09.03 11:03:23,C,600002,-1004472107780_1757,BUY,4421.92,4435.70,137.8,3,40.68,49.8,0,C:TP2到達
2026.09.03 11:03:24,D,600003,-1004472107780_1757,BUY,4421.92,4435.70,137.8,3,39.32,49.9,0,D:TP2到達
2026.09.03 11:03:24,F,600005,-1004472107780_1757,BUY,4421.92,4435.70,137.8,3,38.06,49.9,0,F:TP2到達
2026.09.03 11:03:25,J,600009,-1004472107780_1757,BUY,4421.92,4435.70,137.8,3,37.06,49.9,0,J:TP2到達
2026.09.03 11:03:26,B,600001,-1004472107780_1757,BUY,4421.92,4435.70,137.8,3,36.53,49.9,0,B:TP2到達
2026.09.03 11:03:27,M,600012,-1004472107780_1757,BUY,4421.92,4435.70,137.8,3,34.33,49.9,0,C:TP2到達
2026.09.03 11:03:41,N,600013,-1004472107780_1757,BUY,4421.92,4436.95,150.3,1,14.34,49.9,1,N:3段目(+150p)
2026.09.03 11:03:42,I,600008,-1004472107780_1757,BUY,4421.92,4436.95,150.3,3,38.51,50.1,0,I:TP2(全決済)
2026.09.03 11:04:08,L,600011,-1004472107780_1757,BUY,4421.92,4441.95,200.3,3,52.47,53.7,3,L:半数確保(+200p)
2026.09.03 11:04:08,G,600006,-1004472107780_1757,BUY,4421.92,4441.95,200.3,2,37.69,50.3,0,G:3段目(+200p)
2026.09.03 11:05:00,H,600007,-1004472107780_1757,BUY,4421.92,4436.70,147.8,3,43.33,51.5,0,SL確定足突破
2026.09.03 12:27:47,F,600005,-1004472107780_1767,BUY,4432.87,4434.93,20.6,1,2.07,3.7,0,F:半数決済(+20p)
2026.09.03 12:30:08,M,600012,-1004472107780_1767,BUY,4432.83,4436.86,40.3,1,3.92,6.0,0,C:TP1到達
2026.09.03 12:30:10,C,600002,-1004472107780_1767,BUY,4432.83,4436.86,40.3,1,3.81,6.1,0,C:TP1到達
2026.09.03 12:30:15,A,600000,-1004472107780_1767,BUY,4432.76,4436.86,41.0,1,3.52,6.2,0,A:TP1到達
2026.09.03 12:30:17,N,600013,-1004472107780_1767,BUY,4432.76,4436.86,41.0,1,3.48,6.2,0,N:1段目(+40p)
2026.09.03 12:32:54,H,600007,-1004472107780_1767,BUY,4432.87,4436.92,40.5,1,4.05,8.8,0,H:TP1到達
2026.09.03 12:32:57,J,600009,-1004472107780_1767,BUY,4432.87,4436.92,40.5,1,4.19,8.9,0,J:TP1到達
2026.09.03 12:33:01,B,600001,-1004472107780_1767,BUY,4433.04,4437.05,40.1,1,3.87,9.0,0,B:TP1到達
2026.09.03 12:33:04,D,600003,-1004472107780_1767,BUY,4433.07,4437.08,40.1,1,4.25,9.1,0,D:TP1到達
2026.09.03 12:33:07,G,600006,-1004472107780_1767,BUY,4433.07,4437.08,40.1,1,4.58,9.1,0,G:1段目(+40p)
2026.09.03 12:33:11,E,600004,-1004472107780_1767,BUY,4433.13,4437.64,45.1,0,0.00,0.0,1,E:建値移動(決済なし)
2026.09.03 12:36:00,E,600004,-1004472107780_1767,BUY,4433.13,4438.01,48.8,1,4.88,12.0,0,E:1.1倍水準到達
2026.09.03 12:38:00,I,600008,-1004472107780_1767,BUY,4432.83,4432.61,-2.2,1,-0.22,14.0,0,SL確定足突破
2026.09.03 12:38:00,O,600014,-1004472107780_1767,BUY,4432.74,4432.61,-1.3,1,-0.13,14.0,0,SL確定足突破
2026.09.03 13:10:00,L,600011,-1004472107780_1767,BUY,4432.79,4425.14,-76.5,1,-7.65,46.0,0,SL確定足突破
2026.09.03 13:10:00,K,600010,-1004472107780_1767,BUY,4433.07,4425.14,-79.3,1,-7.90,46.0,0,SL確定足突破
2026.09.03 13:17:11,F,600005,-1004472107780_1773,SELL,4425.50,4423.45,20.5,3,2.10,2.8,2,F:半数決済(+20p)
2026.09.03 13:20:00,N,600013,-1004472107780_1757,BUY,4421.92,4421.91,-0.1,1,0.02,186.1,0,SL確定足突破
2026.09.03 13:20:01,O,600014,-1004472107780_1757,BUY,4421.92,4421.91,-0.1,3,-1.21,186.5,0,SL確定足突破
2026.09.03 13:20:01,L,600011,-1004472107780_1757,BUY,4421.92,4421.91,-0.1,3,-1.56,186.5,0,SL確定足突破
2026.09.03 13:20:19,C,600002,-1004472107780_1773,SELL,4425.50,4421.43,40.7,3,6.97,6.0,2,C:TP1到達
2026.09.03 13:20:22,A,600000,-1004472107780_1773,SELL,4425.50,4421.43,40.7,5,16.93,5.7,0,A:TP1到達
2026.09.03 13:20:24,J,600009,-1004472107780_1773,SELL,4425.50,4421.43,40.7,3,7.97,6.0,2,J:TP1到達
2026.09.03 13:20:26,H,600007,-1004472107780_1773,SELL,4425.50,4421.43,40.7,3,9.11,6.1,2,H:TP1到達
2026.09.03 13:20:26,D,600003,-1004472107780_1773,SELL,4425.50,4421.43,40.7,3,9.49,6.1,2,D:TP1到達
2026.09.03 13:20:29,N,600013,-1004472107780_1773,SELL,4425.50,4421.43,40.7,2,6.58,6.3,3,N:1段目(+40p)
2026.09.03 13:20:33,M,600012,-1004472107780_1773,SELL,4425.50,4421.43,40.7,3,7.88,6.2,2,C:TP1到達
2026.09.03 13:20:33,B,600001,-1004472107780_1773,SELL,4425.50,4421.43,40.7,3,8.14,6.2,2,B:TP1到達
2026.09.03 13:20:35,G,600006,-1004472107780_1773,SELL,4425.50,4421.43,40.7,2,5.23,6.3,3,G:1段目(+40p)
2026.09.03 13:20:42,E,600004,-1004472107780_1773,SELL,4425.50,4421.04,44.6,0,0.00,0.0,5,E:建値移動(決済なし)
2026.09.03 13:22:06,K,600010,-1004472107780_1773,SELL,4425.50,4422.22,32.8,5,12.88,7.5,0,K:CLOSE_ALL
2026.09.03 13:22:07,K,600010,-1004472107780_1757,BUY,4421.92,4422.00,0.8,6,-6.40,190.1,0,K:CLOSE_ALL
2026.09.03 13:24:37,E,600004,-1004472107780_1773,SELL,4425.50,4420.58,49.2,3,11.71,10.2,2,E:1.1倍水準到達
2026.09.03 13:24:44,D,600003,-1004472107780_1773,SELL,4425.50,4419.25,62.5,0,0.00,0.0,2,D:建値移動(決済なし)
2026.09.03 13:28:00,J,600009,-1004472107780_1773,SELL,4425.50,4423.84,16.6,2,2.81,12.9,0,SL確定足突破
2026.09.03 13:42:00,E,600004,-1004472107780_1773,SELL,4425.50,4425.74,-2.4,2,-1.09,26.9,0,SL確定足突破
2026.09.03 13:42:01,C,600002,-1004472107780_1773,SELL,4425.50,4425.74,-2.4,2,-1.05,27.0,0,SL確定足突破
2026.09.03 13:42:01,F,600005,-1004472107780_1773,SELL,4425.50,4425.74,-2.4,2,-1.01,27.0,0,SL確定足突破
2026.09.03 13:42:01,H,600007,-1004472107780_1773,SELL,4425.50,4425.74,-2.4,2,-1.16,27.0,0,SL確定足突破
2026.09.03 13:42:01,D,600003,-1004472107780_1773,SELL,4425.50,4425.74,-2.4,2,-1.29,27.0,0,SL確定足突破
2026.09.03 13:42:03,I,600008,-1004472107780_1773,SELL,4425.50,4425.74,-2.4,5,-6.85,27.4,0,SL確定足突破
2026.09.03 13:42:05,O,600014,-1004472107780_1773,SELL,4425.50,4425.74,-2.4,5,-6.51,27.5,0,SL確定足突破
2026.09.03 13:42:05,M,600012,-1004472107780_1773,SELL,4425.50,4425.74,-2.4,2,-1.48,27.0,0,SL確定足突破
2026.09.03 14:01:03,F,600005,-1004472107780_1783,SELL,4429.00,4426.98,20.2,2,1.71,4.6,2,F:半数決済(+20p)
2026.09.03 14:09:00,F,600005,-1004472107780_1783,SELL,4429.00,4429.19,-1.9,2,-1.24,8.7,0,SL確定足突破
2026.09.03 14:10:01,L,600011,-1004472107780_1773,SELL,4425.50,4430.76,-52.6,5,-30.84,55.3,0,SL確定足突破
2026.09.03 14:10:02,N,600013,-1004472107780_1773,SELL,4425.50,4430.76,-52.6,3,-17.86,55.1,0,SL確定足突破
2026.09.03 14:10:02,B,600001,-1004472107780_1773,SELL,4425.50,4430.76,-52.6,2,-11.19,55.0,0,SL確定足突破
2026.09.03 14:10:03,G,600006,-1004472107780_1773,SELL,4425.50,4430.76,-52.6,3,-17.19,55.1,0,SL確定足突破
2026.09.03 14:16:01,N,600013,-1004472107780_1783,SELL,4429.00,4434.04,-50.4,4,-23.19,17.7,0,SL確定足突破
2026.09.03 14:16:02,G,600006,-1004472107780_1783,SELL,4429.00,4434.04,-50.4,4,-23.35,18.5,0,SL確定足突破
2026.09.03 14:16:03,D,600003,-1004472107780_1783,SELL,4429.00,4434.04,-50.4,4,-22.87,17.8,0,SL確定足突破
2026.09.03 14:16:04,H,600007,-1004472107780_1783,SELL,4429.00,4434.04,-50.4,4,-23.02,18.6,0,SL確定足突破
2026.09.03 14:16:05,E,600004,-1004472107780_1783,SELL,4429.00,4434.04,-50.4,4,-23.72,18.6,0,SL確定足突破
2026.09.03 14:16:06,O,600014,-1004472107780_1783,SELL,4429.00,4434.04,-50.4,4,-24.34,17.8,0,SL確定足突破
2026.09.03 14:16:07,C,600002,-1004472107780_1783,SELL,4429.00,4434.04,-50.4,4,-24.24,17.8,0,SL確定足突破
2026.09.03 14:16:08,L,600011,-1004472107780_1783,SELL,4429.00,4434.04,-50.4,4,-24.32,17.9,0,SL確定足突破
2026.09.03 14:16:09,I,600008,-1004472107780_1783,SELL,4429.00,4434.04,-50.4,4,-25.76,18.8,0,SL確定足突破
2026.09.03 14:16:10,K,600010,-1004472107780_1783,SELL,4429.00,4434.04,-50.4,4,-25.11,18.7,0,SL確定足突破
2026.09.03 14:16:11,J,600009,-1004472107780_1783,SELL,4429.00,4434.04,-50.4,4,-24.39,18.7,0,SL確定足突破
2026.09.03 14:16:12,M,600012,-1004472107780_1783,SELL,4429.00,4434.04,-50.4,4,-25.25,17.9,0,SL確定足突破
2026.09.03 14:16:13,B,600001,-1004472107780_1783,SELL,4429.00,4434.04,-50.4,4,-24.69,17.9,0,SL確定足突破
2026.09.03 14:16:14,A,600000,-1004472107780_1783,SELL,4429.00,4434.04,-50.4,4,-23.43,18.0,0,SL確定足突破
2026.09.03 14:49:08,F,600005,-1004472107780_1792,BUY,4436.96,4438.96,20.0,2,-0.02,2.2,2,F:半数決済(+20p)
2026.09.03 14:52:16,D,600003,-1004472107780_1792,BUY,4436.96,4441.05,40.9,2,4.04,5.3,2,D:TP1到達
2026.09.03 14:52:18,M,600012,-1004472107780_1792,BUY,4436.96,4441.05,40.9,2,4.16,5.3,2,C:TP1到達
2026.09.03 14:52:20,J,600009,-1004472107780_1792,BUY,4436.96,4441.05,40.9,2,4.00,5.4,2,J:TP1到達
2026.09.03 14:52:23,A,600000,-1004472107780_1792,BUY,4436.96,4441.05,40.9,4,11.43,4.8,0,A:TP1到達
2026.09.03 14:52:25,N,600013,-1004472107780_1792,BUY,4436.96,4441.05,40.9,1,0.76,6.7,3,N:1段目(+40p)
2026.09.03 14:52:28,C,600002,-1004472107780_1792,BUY,4436.96,4441.05,40.9,2,3.61,5.5,2,C:TP1到達
2026.09.03 14:52:29,B,600001,-1004472107780_1792,BUY,4436.96,4441.05,40.9,2,4.02,5.5,2,B:TP1到達
2026.09.03 14:52:32,G,600006,-1004472107780_1792,BUY,4436.96,4441.05,40.9,2,3.96,5.6,2,G:1段目(+40p)
2026.09.03 14:52:34,H,600007,-1004472107780_1792,BUY,4436.96,4441.05,40.9,2,3.78,5.6,2,H:TP1到達
2026.09.03 14:52:51,E,600004,-1004472107780_1792,BUY,4436.96,4441.46,45.0,0,0.00,0.0,4,E:建値移動(決済なし)
2026.09.03 14:56:14,E,600004,-1004472107780_1792,BUY,4436.96,4441.94,49.8,2,5.46,9.3,2,E:1.1倍水準到達
2026.09.03 14:57:51,D,600003,-1004472107780_1792,BUY,4436.96,4443.48,65.2,0,0.00,0.0,2,D:建値移動(決済なし)
2026.09.03 14:57:58,N,600013,-1004472107780_1792,BUY,4436.96,4445.08,81.2,1,7.53,9.8,2,N:2段目(+80p)
2026.09.03 14:57:59,I,600008,-1004472107780_1792,BUY,4436.96,4445.08,81.2,2,12.45,11.0,2,I:TP1(半数)
2026.09.03 14:57:59,G,600006,-1004472107780_1792,BUY,4436.96,4445.08,81.2,1,7.48,9.8,1,G:2段目(+80p)
2026.09.03 15:02:58,F,600005,-1004472107780_1799,BUY,4443.57,4445.64,20.7,1,2.08,2.2,0,F:半数決済(+20p)
2026.09.03 15:03:02,E,600004,-1004472107780_1792,BUY,4436.96,4445.87,89.1,2,17.29,14.8,0,E:2.0倍水準到達
2026.09.03 15:03:33,H,600007,-1004472107780_1799,BUY,4443.02,4447.03,40.1,1,4.17,2.8,0,H:TP1到達
2026.09.03 15:03:36,N,600013,-1004472107780_1799,BUY,4442.86,4447.03,41.7,1,5.05,2.9,0,N:1段目(+40p)
2026.09.03 15:03:37,O,600014,-1004472107780_1792,BUY,4436.96,4447.03,100.7,2,16.62,16.7,2,O:TP(+100p半数)
2026.09.03 15:03:37,H,600007,-1004472107780_1792,BUY,4436.96,4447.03,100.7,0,0.00,0.0,2,H:建値移動(決済なし)
2026.09.03 15:03:39,G,600006,-1004472107780_1799,BUY,4443.11,4447.23,41.2,1,4.35,2.9,0,G:1段目(+40p)
2026.09.03 15:03:44,C,600002,-1004472107780_1799,BUY,4443.12,4447.23,41.1,1,4.71,3.0,0,C:TP1到達
2026.09.03 15:03:46,J,600009,-1004472107780_1799,BUY,4443.15,4447.23,40.8,1,4.75,3.0,0,J:TP1到達
2026.09.03 15:03:49,A,600000,-1004472107780_1799,BUY,4443.57,4447.70,41.3,1,3.76,3.1,0,A:TP1到達
2026.09.03 15:03:49,D,600003,-1004472107780_1799,BUY,4443.26,4447.70,44.4,1,4.03,3.1,0,D:TP1到達
2026.09.03 15:03:52,M,600012,-1004472107780_1799,BUY,4443.26,4447.70,44.4,1,4.03,3.1,0,C:TP1到達
2026.09.03 15:03:54,E,600004,-1004472107780_1799,BUY,4442.86,4447.70,48.4,0,0.00,0.0,1,E:建値移動(決済なし)
2026.09.03 15:04:12,B,600001,-1004472107780_1799,BUY,4443.72,4447.74,40.2,1,4.34,3.5,0,B:TP1到達
2026.09.03 15:04:14,E,600004,-1004472107780_1799,BUY,4442.86,4448.06,52.0,1,4.69,3.5,0,E:1.1倍水準到達
2026.09.03 15:06:18,D,600003,-1004472107780_1792,BUY,4436.96,4449.01,120.5,2,23.65,18.0,0,D:TP2到達
2026.09.03 15:06:19,M,600012,-1004472107780_1792,BUY,4436.96,4449.01,120.5,2,23.40,18.1,0,C:TP2到達
2026.09.03 15:06:19,J,600009,-1004472107780_1792,BUY,4436.96,4449.01,120.5,2,23.50,18.1,0,J:TP2到達
2026.09.03 15:06:19,F,600005,-1004472107780_1792,BUY,4436.96,4449.01,120.5,2,23.49,18.1,0,F:TP2到達
2026.09.03 15:06:19,C,600002,-1004472107780_1792,BUY,4436.96,4449.01,120.5,2,23.49,18.1,0,C:TP2到達
2026.09.03 15:06:21,B,600001,-1004472107780_1792,BUY,4436.96,4449.01,120.5,2,23.11,18.1,0,B:TP2到達
2026.09.03 15:06:59,K,600010,-1004472107780_1799,BUY,4443.15,4445.65,25.0,1,2.50,6.2,0,K:TP1_HIT(半数)
2026.09.03 15:07:00,K,600010,-1004472107780_1792,BUY,4436.96,4445.98,90.2,2,13.86,20.1,2,K:TP1_HIT(半数)
2026.09.03 15:13:00,H,600007,-1004472107780_1792,BUY,4436.96,4444.59,76.3,2,15.03,24.7,0,SL確定足突破
2026.09.03 15:15:00,I,600008,-1004472107780_1799,BUY,4443.72,4443.72,0.0,1,0.03,14.3,0,SL確定足突破
2026.09.03 15:17:00,O,600014,-1004472107780_1799,BUY,4443.11,4441.61,-15.0,1,-1.29,16.2,0,SL確定足突破
2026.09.03 15:30:02,L,600011,-1004472107780_1792,BUY,4436.96,4458.89,219.3,2,38.52,43.1,2,L:半数確保(+200p)
2026.09.03 15:30:02,N,600013,-1004472107780_1792,BUY,4436.96,4458.89,219.3,1,21.18,41.9,1,N:3段目(+150p)
2026.09.03 15:30:03,I,600008,-1004472107780_1792,BUY,4436.96,4458.89,219.3,2,44.04,41.8,0,I:TP2(全決済)
2026.09.03 15:30:04,G,600006,-1004472107780_1792,BUY,4436.96,4458.89,219.3,1,22.86,41.7,0,G:3段目(+200p)
2026.09.03 15:30:06,L,600011,-1004472107780_1799,BUY,4443.33,4466.96,236.3,1,24.43,29.4,0,L:半数確保(+200p)
2026.09.03 15:46:10,F,600005,-1004472107780_1828,BUY,4465.80,4469.66,38.6,1,3.61,0.7,0,F:半数決済(+20p)
2026.09.03 15:46:18,B,600001,-1004472107780_1828,BUY,4465.86,4470.73,48.7,2,9.91,0.8,1,B:TP1到達
2026.09.03 15:46:23,J,600009,-1004472107780_1828,BUY,4465.88,4470.73,48.5,1,5.84,0.9,1,J:TP1到達
2026.09.03 15:46:24,D,600003,-1004472107780_1828,BUY,4465.87,4470.73,48.6,2,10.00,0.9,1,D:TP1到達
2026.09.03 15:46:27,N,600013,-1004472107780_1828,BUY,4465.84,4470.73,48.9,1,4.91,0.9,0,N:1段目(+40p)
2026.09.03 15:46:29,A,600000,-1004472107780_1828,BUY,4465.76,4470.73,49.7,2,10.73,0.9,0,A:TP1到達
2026.09.03 15:46:32,E,600004,-1004472107780_1828,BUY,4465.78,4470.73,49.5,0,0.00,0.0,1,E:建値移動(決済なし)
2026.09.03 15:46:35,G,600006,-1004472107780_1828,BUY,4466.01,4470.73,47.2,1,5.59,1.1,0,G:1段目(+40p)
2026.09.03 15:46:37,M,600012,-1004472107780_1828,BUY,4465.97,4470.73,47.6,1,5.91,1.1,1,C:TP1到達
2026.09.03 15:46:40,H,600007,-1004472107780_1828,BUY,4465.95,4470.73,47.8,1,5.99,1.2,0,H:TP1到達
2026.09.03 15:46:42,C,600002,-1004472107780_1828,BUY,4465.90,4470.73,48.3,2,11.61,1.2,2,C:TP1到達
2026.09.03 15:46:44,D,600003,-1004472107780_1828,BUY,4465.87,4472.41,65.4,0,0.00,0.0,1,D:建値移動(決済なし)
2026.09.03 15:46:44,E,600004,-1004472107780_1828,BUY,4465.78,4472.41,66.3,1,6.67,1.3,0,E:1.1倍水準到達
2026.09.03 15:46:57,I,600008,-1004472107780_1828,BUY,4466.24,4474.29,80.5,1,8.37,1.5,0,I:TP1(半数)
2026.09.03 15:47:07,O,600014,-1004472107780_1828,BUY,4465.94,4475.98,100.4,1,10.24,1.6,0,O:TP(+100p半数)
2026.09.03 15:48:28,B,600001,-1004472107780_1828,BUY,4465.86,4477.95,120.9,1,11.73,2.9,0,B:TP2到達
2026.09.03 15:48:28,J,600009,-1004472107780_1828,BUY,4465.88,4477.95,120.7,1,11.33,2.7,0,J:TP2到達
2026.09.03 15:48:28,D,600003,-1004472107780_1828,BUY,4465.87,4477.95,120.8,1,11.80,2.9,0,D:TP2到達
2026.09.03 15:48:29,C,600002,-1004472107780_1828,BUY,4465.90,4477.95,120.5,2,24.19,3.0,0,C:TP2到達
2026.09.03 15:48:29,M,600012,-1004472107780_1828,BUY,4465.97,4478.37,124.0,1,11.49,2.7,0,C:TP2到達
2026.09.03 15:52:47,L,600011,-1004472107780_1828,BUY,4465.84,4486.11,202.7,1,20.19,7.3,1,L:半数確保(+200p)
2026.09.03 16:01:05,F,600005,-1004472107780_1834,BUY,4489.36,4491.42,20.6,3,1.40,0.6,2,F:半数決済(+20p)
2026.09.03 16:01:10,A,600000,-1004472107780_1834,BUY,4488.96,4493.16,42.0,6,12.93,0.8,0,A:TP1到達
2026.09.03 16:01:13,M,600012,-1004472107780_1834,BUY,4489.08,4493.16,40.8,3,5.68,0.6,2,C:TP1到達
2026.09.03 16:01:13,B,600001,-1004472107780_1834,BUY,4488.96,4493.16,42.0,3,10.69,0.8,3,B:TP1到達
2026.09.03 16:01:15,N,600013,-1004472107780_1834,BUY,4489.44,4493.81,43.7,1,4.29,0.9,3,N:1段目(+40p)
2026.09.03 16:01:17,J,600009,-1004472107780_1834,BUY,4489.36,4493.81,44.5,3,7.33,0.8,2,J:TP1到達
2026.09.03 16:01:19,G,600006,-1004472107780_1834,BUY,4489.36,4493.81,44.5,2,3.46,0.9,3,G:1段目(+40p)
2026.09.03 16:01:21,H,600007,-1004472107780_1834,BUY,4489.38,4493.81,44.3,3,9.74,0.9,2,H:TP1到達
2026.09.03 16:01:42,E,600004,-1004472107780_1834,BUY,4489.36,4493.92,45.6,0,0.00,0.0,5,E:建値移動(決済なし)
2026.09.03 16:01:44,D,600003,-1004472107780_1834,BUY,4489.95,4494.68,47.3,2,8.24,1.2,2,D:TP1到達
2026.09.03 16:01:45,E,600004,-1004472107780_1834,BUY,4489.36,4494.68,53.2,3,11.12,1.1,2,E:1.1倍水準到達
2026.09.03 16:01:47,C,600002,-1004472107780_1834,BUY,4489.95,4494.68,47.3,2,6.22,1.2,2,C:TP1到達
2026.09.03 16:02:00,J,600009,-1004472107780_1834,BUY,4489.36,4490.37,10.1,2,2.11,1.2,0,SL確定足突破
2026.09.03 16:02:01,C,600002,-1004472107780_1834,BUY,4489.95,4490.37,4.2,2,0.96,1.1,0,SL確定足突破
2026.09.03 16:03:55,D,600003,-1004472107780_1834,BUY,4489.95,4496.15,62.0,0,0.00,0.0,5,D:建値移動(決済なし)
2026.09.03 16:05:01,D,600003,-1004472107780_1834,BUY,4489.95,4489.92,-0.3,5,4.66,3.0,0,SL確定足突破
2026.09.03 16:07:00,M,600012,-1004472107780_1834,BUY,4489.08,4487.29,-17.9,2,-4.55,6.2,0,SL確定足突破
2026.09.03 16:07:01,H,600007,-1004472107780_1834,BUY,4489.38,4487.29,-20.9,2,-7.48,6.5,0,SL確定足突破
2026.09.03 16:07:01,E,600004,-1004472107780_1834,BUY,4489.36,4487.29,-20.7,2,-6.36,6.2,0,SL確定足突破
2026.09.03 16:07:02,I,600008,-1004472107780_1834,BUY,4489.36,4487.29,-20.7,5,-16.59,6.4,0,SL確定足突破
2026.09.03 16:07:04,K,600010,-1004472107780_1834,BUY,4488.49,4487.29,-12.0,7,-19.18,6.4,0,SL確定足突破
2026.09.03 16:07:05,F,600005,-1004472107780_1834,BUY,4489.36,4487.29,-20.7,2,-5.71,6.3,0,SL確定足突破
2026.09.03 16:07:06,O,600014,-1004472107780_1834,BUY,4489.36,4487.29,-20.7,5,-18.71,6.4,0,SL確定足突破
2026.09.03 16:11:35,F,600005,-1004472107780_1842,BUY,4485.30,4487.38,20.8,3,0.11,1.3,2,F:半数決済(+20p)
2026.09.03 16:12:00,A,600000,-1004472107780_1842,BUY,4485.30,4489.62,43.2,5,11.14,1.4,0,A:TP1到達
2026.09.03 16:12:01,B,600001,-1004472107780_1842,BUY,4485.30,4489.62,43.2,3,3.66,1.8,2,B:TP1到達
2026.09.03 16:12:03,C,600002,-1004472107780_1842,BUY,4485.30,4489.62,43.2,3,3.03,1.8,2,C:TP1到達
2026.09.03 16:12:05,N,600013,-1004472107780_1842,BUY,4485.30,4489.62,43.2,2,1.54,2.1,3,N:1段目(+40p)
2026.09.03 16:12:07,H,600007,-1004472107780_1842,BUY,4485.30,4489.62,43.2,3,3.44,1.8,2,H:TP1到達
2026.09.03 16:12:09,J,600009,-1004472107780_1842,BUY,4485.30,4489.62,43.2,3,3.08,1.9,2,J:TP1到達
2026.09.03 16:12:11,G,600006,-1004472107780_1842,BUY,4485.30,4489.62,43.2,2,1.14,2.2,3,G:1段目(+40p)
2026.09.03 16:12:12,D,600003,-1004472107780_1842,BUY,4485.30,4489.62,43.2,3,3.16,2.0,2,D:TP1到達
2026.09.03 16:12:15,M,600012,-1004472107780_1842,BUY,4485.30,4489.62,43.2,3,3.93,2.0,2,C:TP1到達
2026.09.03 16:13:00,J,600009,-1004472107780_1842,BUY,4485.30,4486.62,13.2,2,2.16,1.9,0,SL確定足突破
2026.09.03 16:14:01,O,600014,-1004472107780_1842,BUY,4485.30,4485.50,2.0,5,-5.81,3.4,0,SL確定足突破
2026.09.03 16:14:01,C,600002,-1004472107780_1842,BUY,4485.30,4485.50,2.0,2,0.41,2.9,0,SL確定足突破
2026.09.03 16:14:02,H,600007,-1004472107780_1842,BUY,4485.30,4485.50,2.0,2,0.07,3.0,0,SL確定足突破
2026.09.03 16:14:02,F,600005,-1004472107780_1842,BUY,4485.30,4485.50,2.0,2,-0.45,3.0,0,SL確定足突破
2026.09.03 16:14:04,I,600008,-1004472107780_1842,BUY,4485.30,4485.50,2.0,5,-4.99,3.5,0,SL確定足突破
2026.09.03 16:14:04,M,600012,-1004472107780_1842,BUY,4485.30,4485.50,2.0,2,0.30,3.0,0,SL確定足突破
2026.09.03 16:15:46,F,600005,-1004472107780_1849,SELL,4488.04,4485.72,23.2,3,0.82,0.5,3,F:半数決済(+20p)
2026.09.03 16:16:20,D,600003,-1004472107780_1849,SELL,4488.04,4483.03,50.1,3,7.22,1.1,3,D:TP1到達
2026.09.03 16:16:23,H,600007,-1004472107780_1849,SELL,4488.04,4483.03,50.1,3,6.88,1.1,3,H:TP1到達
2026.09.03 16:16:24,N,600013,-1004472107780_1849,SELL,4487.50,4483.03,44.7,2,4.88,1.1,3,N:1段目(+40p)
2026.09.03 16:16:25,B,600001,-1004472107780_1849,SELL,4487.59,4483.03,45.6,3,11.56,1.1,2,B:TP1到達
2026.09.03 16:16:27,C,600002,-1004472107780_1849,SELL,4487.49,4483.03,44.6,3,11.58,1.0,2,C:TP1到達
2026.09.03 16:16:30,G,600006,-1004472107780_1849,SELL,4488.04,4483.03,50.1,2,5.72,1.3,4,G:1段目(+40p)
2026.09.03 16:16:32,J,600009,-1004472107780_1849,SELL,4488.04,4483.03,50.1,3,10.42,1.3,3,J:TP1到達
2026.09.03 16:16:33,E,600004,-1004472107780_1849,SELL,4488.04,4483.03,50.1,0,0.00,0.0,6,E:建値移動(決済なし)
2026.09.03 16:16:36,A,600000,-1004472107780_1849,SELL,4488.04,4483.03,50.1,6,20.06,1.2,0,A:TP1到達
2026.09.03 16:16:56,E,600004,-1004472107780_1849,SELL,4488.04,4483.03,50.1,3,9.30,1.7,3,E:1.1倍水準到達
2026.09.03 16:17:01,K,600010,-1004472107780_1842,BUY,4484.87,4483.89,-9.8,6,-14.41,5.9,0,SL確定足突破
2026.09.03 16:17:02,N,600013,-1004472107780_1834,BUY,4489.95,4483.89,-60.6,3,-19.74,16.1,0,SL確定足突破
2026.09.03 16:17:03,G,600006,-1004472107780_1834,BUY,4489.41,4483.89,-55.2,3,-16.55,16.6,0,SL確定足突破
2026.09.03 16:17:06,L,600011,-1004472107780_1834,BUY,4486.62,4483.89,-27.3,10,-49.13,13.9,0,SL確定足突破
2026.09.03 16:17:07,B,600001,-1004472107780_1834,BUY,4488.96,4483.89,-50.7,7,-32.67,13.5,0,SL確定足突破
2026.09.03 16:17:45,D,600003,-1004472107780_1849,SELL,4488.04,4481.93,61.1,0,0.00,0.0,3,D:建値移動(決済なし)
2026.09.03 16:18:01,B,600001,-1004472107780_1842,BUY,4485.30,4480.90,-44.0,7,-25.34,3.6,0,SL確定足突破
2026.09.03 16:18:02,N,600013,-1004472107780_1842,BUY,4485.30,4480.90,-44.0,3,-15.58,7.0,0,SL確定足突破
2026.09.03 16:18:05,L,600011,-1004472107780_1842,BUY,4482.64,4480.90,-17.4,10,-42.16,4.9,0,SL確定足突破
2026.09.03 16:18:08,E,600004,-1004472107780_1842,BUY,4482.64,4480.90,-17.4,10,-36.27,4.9,0,SL確定足突破
2026.09.03 16:18:08,G,600006,-1004472107780_1842,BUY,4485.30,4480.90,-44.0,3,-13.05,7.1,0,SL確定足突破
2026.09.03 16:18:10,D,600003,-1004472107780_1842,BUY,4485.30,4480.90,-44.0,7,-18.29,3.7,0,SL確定足突破
2026.09.03 16:18:12,I,600008,-1004472107780_1849,SELL,4488.04,4480.35,76.9,3,17.20,3.0,3,I:TP1(半数)
2026.09.03 16:18:27,G,600006,-1004472107780_1849,SELL,4488.04,4479.69,83.5,2,14.41,3.1,2,G:2段目(+80p)
2026.09.03 16:18:37,N,600013,-1004472107780_1849,SELL,4487.50,4479.42,80.8,1,7.53,3.1,2,N:2段目(+80p)
2026.09.03 16:20:05,E,600004,-1004472107780_1849,SELL,4488.04,4478.95,90.9,3,25.42,4.7,0,E:2.0倍水準到達
2026.09.03 16:26:00,H,600007,-1004472107780_1849,SELL,4488.04,4478.04,100.0,0,0.00,0.0,3,H:建値移動(決済なし)
2026.09.03 16:26:17,O,600014,-1004472107780_1849,SELL,4487.46,4477.46,100.0,3,28.08,10.9,2,O:TP(+100p半数)
2026.09.03 16:27:35,F,600005,-1004472107780_1860,BUY,4477.47,4479.93,24.6,5,-4.21,2.2,4,F:半数決済(+20p)
2026.09.03 16:29:01,K,600010,-1004472107780_1849,SELL,4488.04,4478.39,96.5,6,51.16,13.7,0,SL確定足突破
2026.09.03 16:30:07,J,600009,-1004472107780_1860,BUY,4477.47,4481.50,40.3,5,1.85,4.8,4,J:TP1到達
2026.09.03 16:30:09,C,600002,-1004472107780_1860,BUY,4477.47,4481.50,40.3,5,-4.39,4.8,4,C:TP1到達
2026.09.03 16:30:11,H,600007,-1004472107780_1860,BUY,4477.47,4481.50,40.3,5,-4.82,4.8,4,H:TP1到達
2026.09.03 16:30:12,B,600001,-1004472107780_1860,BUY,4477.47,4481.50,40.3,5,-6.53,4.9,4,B:TP1到達
2026.09.03 16:30:15,A,600000,-1004472107780_1860,BUY,4477.47,4481.50,40.3,9,-2.23,4.6,0,A:TP1到達
2026.09.03 16:30:16,D,600003,-1004472107780_1860,BUY,4477.47,4481.50,40.3,5,-3.49,4.9,4,D:TP1到達
2026.09.03 16:30:17,N,600013,-1004472107780_1860,BUY,4477.47,4481.50,40.3,3,-4.80,5.2,6,N:1段目(+40p)
2026.09.03 16:30:18,G,600006,-1004472107780_1860,BUY,4477.47,4481.50,40.3,3,-5.18,5.3,6,G:1段目(+40p)
2026.09.03 16:30:52,D,600003,-1004472107780_1849,SELL,4488.04,4475.91,121.3,3,34.84,15.5,0,D:TP2到達
2026.09.03 16:30:53,J,600009,-1004472107780_1849,SELL,4488.04,4475.91,121.3,3,35.18,15.5,0,J:TP2到達
2026.09.03 16:30:53,F,600005,-1004472107780_1849,SELL,4488.04,4475.91,121.3,3,34.99,15.5,0,F:TP2到達
2026.09.03 16:31:01,J,600009,-1004472107780_1860,BUY,4477.47,4477.24,-2.3,4,-3.49,5.0,0,SL確定足突破
2026.09.03 16:31:03,I,600008,-1004472107780_1860,BUY,4477.47,4477.24,-2.3,9,-17.84,5.4,0,SL確定足突破
2026.09.03 16:31:04,C,600002,-1004472107780_1860,BUY,4477.47,4477.24,-2.3,4,0.25,5.0,0,SL確定足突破
2026.09.03 16:31:05,H,600007,-1004472107780_1860,BUY,4477.47,4477.24,-2.3,4,-1.08,5.0,0,SL確定足突破
2026.09.03 16:31:08,O,600014,-1004472107780_1860,BUY,4477.47,4477.24,-2.3,9,-17.25,5.5,0,SL確定足突破
2026.09.03 16:31:09,F,600005,-1004472107780_1860,BUY,4477.47,4477.24,-2.3,4,-2.93,5.1,0,SL確定足突破
2026.09.03 16:31:57,B,600001,-1004472107780_1849,SELL,4487.59,4475.55,120.4,2,23.79,16.5,0,B:TP2到達
2026.09.03 16:31:58,C,600002,-1004472107780_1849,SELL,4487.49,4475.43,120.6,2,23.50,16.3,0,C:TP2到達
2026.09.03 16:33:50,E,600004,-1004472107780_1860,BUY,4476.85,4481.35,45.0,0,0.00,0.0,10,E:建値移動(決済なし)
2026.09.03 16:33:51,E,600004,-1004472107780_1860,BUY,4476.85,4482.47,56.2,5,9.91,8.5,5,E:1.1倍水準到達
2026.09.03 16:34:01,H,600007,-1004472107780_1849,SELL,4488.04,4481.43,66.1,3,16.24,18.6,0,SL確定足突破
2026.09.03 16:35:30,F,600005,-1004472107780_1866,BUY,4477.92,4480.28,23.6,1,2.17,1.0,0,F:半数決済(+20p)
2026.09.03 16:37:02,K,600010,-1004472107780_1860,BUY,4476.85,4473.59,-32.6,10,-53.55,10.9,0,SL確定足突破
2026.09.03 16:37:04,B,600001,-1004472107780_1860,BUY,4477.47,4473.59,-38.8,5,-20.04,10.1,0,SL確定足突破
2026.09.03 16:37:05,E,600004,-1004472107780_1860,BUY,4476.85,4473.59,-32.6,5,-16.75,10.2,0,SL確定足突破
2026.09.03 16:37:08,L,600011,-1004472107780_1860,BUY,4476.85,4473.59,-32.6,10,-48.64,11.0,0,SL確定足突破
2026.09.03 16:37:09,D,600003,-1004472107780_1860,BUY,4477.47,4473.59,-38.8,5,-22.88,10.2,0,SL確定足突破
2026.09.03 16:37:11,N,600013,-1004472107780_1860,BUY,4477.47,4473.59,-38.8,6,-33.76,11.2,0,SL確定足突破
2026.09.03 16:37:12,G,600006,-1004472107780_1860,BUY,4477.47,4473.59,-38.8,6,-33.22,11.3,0,SL確定足突破
2026.09.03 16:37:13,K,600010,-1004472107780_1828,BUY,4465.90,4473.59,76.9,2,15.36,51.7,0,SL確定足突破
2026.09.03 16:37:13,K,600010,-1004472107780_1792,BUY,4436.96,4473.59,366.3,2,74.87,109.0,0,SL確定足突破
2026.09.03 16:37:26,N,600013,-1004472107780_1866,BUY,4472.78,4476.84,40.6,3,-0.12,1.7,7,N:1段目(+40p)
2026.09.03 16:37:27,C,600002,-1004472107780_1866,BUY,4472.78,4476.84,40.6,5,2.49,1.5,5,C:TP1到達
2026.09.03 16:37:28,G,600006,-1004472107780_1866,BUY,4472.78,4476.84,40.6,4,0.80,1.6,6,G:1段目(+40p)
2026.09.03 16:37:31,A,600000,-1004472107780_1866,BUY,4472.78,4476.84,40.6,10,9.13,1.1,0,A:TP1到達
2026.09.03 16:37:32,B,600001,-1004472107780_1866,BUY,4472.78,4476.84,40.6,5,-3.48,1.6,5,B:TP1到達
2026.09.03 16:37:34,D,600003,-1004472107780_1866,BUY,4472.78,4476.84,40.6,5,-3.44,1.6,5,D:TP1到達
2026.09.03 16:37:35,J,600009,-1004472107780_1866,BUY,4472.78,4476.84,40.6,5,-6.42,1.6,5,J:TP1到達
2026.09.03 16:37:36,H,600007,-1004472107780_1866,BUY,4472.78,4476.84,40.6,5,-10.13,1.6,5,H:TP1到達
2026.09.03 16:39:01,J,600009,-1004472107780_1866,BUY,4472.78,4474.60,18.2,5,3.87,2.2,0,SL確定足突破
2026.09.03 16:40:10,I,600008,-1004472107780_1849,SELL,4488.04,4472.78,152.6,3,44.86,24.8,0,I:TP2(全決済)
2026.09.03 16:40:16,N,600013,-1004472107780_1849,SELL,4487.50,4471.82,156.8,1,15.19,24.7,1,N:3段目(+150p)
2026.09.03 16:41:02,I,600008,-1004472107780_1866,BUY,4472.78,4470.72,-20.6,10,-43.34,4.6,0,SL確定足突破
2026.09.03 16:41:05,K,600010,-1004472107780_1866,BUY,4472.78,4470.72,-20.6,10,-43.80,4.7,0,SL確定足突破
2026.09.03 16:41:07,N,600013,-1004472107780_1866,BUY,4472.78,4470.72,-20.6,7,-31.89,4.4,0,SL確定足突破
2026.09.03 16:41:08,C,600002,-1004472107780_1866,BUY,4472.78,4470.72,-20.6,5,-20.36,4.3,0,SL確定足突破
2026.09.03 16:41:10,G,600006,-1004472107780_1866,BUY,4472.78,4470.72,-20.6,6,-24.97,4.4,0,SL確定足突破
2026.09.03 16:41:11,B,600001,-1004472107780_1866,BUY,4472.78,4470.72,-20.6,5,-19.38,4.4,0,SL確定足突破
2026.09.03 16:41:14,L,600011,-1004472107780_1866,BUY,4472.78,4470.72,-20.6,10,-48.03,5.0,0,SL確定足突破
2026.09.03 16:41:15,D,600003,-1004472107780_1866,BUY,4472.78,4470.72,-20.6,5,-18.44,4.4,0,SL確定足突破
2026.09.03 16:41:18,E,600004,-1004472107780_1866,BUY,4472.78,4470.72,-20.6,10,-50.19,4.9,0,SL確定足突破
2026.09.03 16:41:21,O,600014,-1004472107780_1866,BUY,4472.78,4470.72,-20.6,10,-46.54,4.9,0,SL確定足突破
2026.09.03 16:41:22,H,600007,-1004472107780_1866,BUY,4472.78,4470.72,-20.6,5,-15.47,4.6,0,SL確定足突破
2026.09.03 16:45:16,G,600006,-1004472107780_1849,SELL,4488.04,4467.86,201.8,2,40.15,29.8,0,G:3段目(+200p)
2026.09.03 16:45:17,L,600011,-1004472107780_1849,SELL,4487.50,4467.38,201.2,3,57.09,29.9,2,L:半数確保(+200p)
2026.09.03 16:46:00,L,600011,-1004472107780_1828,BUY,4465.84,4464.58,-12.6,1,-2.64,60.2,0,SL確定足突破
2026.09.03 16:50:06,F,600005,-1004472107780_1875,BUY,4457.88,4460.43,25.5,8,-9.49,3.0,7,F:半数決済(+20p)
2026.09.03 16:50:33,C,600002,-1004472107780_1875,BUY,4457.88,4461.89,40.1,8,3.12,3.0,7,C:TP1到達
2026.09.03 16:50:34,N,600013,-1004472107780_1875,BUY,4457.88,4461.89,40.1,4,-1.87,3.1,11,N:1段目(+40p)
2026.09.03 16:50:38,A,600000,-1004472107780_1875,BUY,4457.88,4461.89,40.1,15,2.01,2.8,0,A:TP1到達
2026.09.03 16:50:40,H,600007,-1004472107780_1875,BUY,4457.88,4461.89,40.1,8,-11.35,3.3,7,H:TP1到達
2026.09.03 16:50:42,D,600003,-1004472107780_1875,BUY,4457.88,4461.89,40.1,8,-13.65,3.4,7,D:TP1到達
2026.09.03 16:50:44,G,600006,-1004472107780_1875,BUY,4457.88,4461.89,40.1,5,1.20,3.7,10,G:1段目(+40p)
2026.09.03 16:50:46,J,600009,-1004472107780_1875,BUY,4457.88,4461.89,40.1,8,-7.07,3.8,7,J:TP1到達
2026.09.03 16:50:48,B,600001,-1004472107780_1875,BUY,4457.88,4461.89,40.1,8,-15.95,3.9,7,B:TP1到達
2026.09.03 16:51:01,J,600009,-1004472107780_1875,BUY,4457.88,4459.45,15.7,7,3.61,2.9,0,SL確定足突破
2026.09.03 16:51:24,E,600004,-1004472107780_1875,BUY,4457.88,4462.43,45.5,0,0.00,0.0,15,E:建値移動(決済なし)
2026.09.03 16:51:27,E,600004,-1004472107780_1875,BUY,4457.88,4463.06,51.8,8,10.88,3.8,7,E:1.1倍水準到達
2026.09.03 16:52:43,D,600003,-1004472107780_1875,BUY,4457.88,4464.99,71.1,0,0.00,0.0,7,D:建値移動(決済なし)
2026.09.03 16:55:38,I,600008,-1004472107780_1875,BUY,4457.88,4465.38,75.0,8,19.88,8.8,7,I:TP1(半数)
2026.09.03 16:56:03,N,600013,-1004472107780_1875,BUY,4457.88,4466.05,81.7,4,16.17,8.5,7,N:2段目(+80p)
2026.09.03 16:56:04,G,600006,-1004472107780_1875,BUY,4457.88,4466.05,81.7,5,23.74,9.0,5,G:2段目(+80p)
2026.09.03 16:56:06,E,600004,-1004472107780_1875,BUY,4457.88,4466.87,89.9,7,43.28,7.8,0,E:2.0倍水準到達
2026.09.03 16:56:59,K,600010,-1004472107780_1875,BUY,4457.88,4466.21,83.3,8,38.38,9.7,7,K:TP1_HIT(半数)
2026.09.03 16:59:14,O,600014,-1004472107780_1875,BUY,4457.88,4468.13,102.5,8,56.97,11.6,7,O:TP(+100p半数)
2026.09.03 16:59:14,H,600007,-1004472107780_1875,BUY,4457.88,4468.13,102.5,0,0.00,0.0,7,H:建値移動(決済なし)
2026.09.03 16:59:46,C,600002,-1004472107780_1875,BUY,4457.88,4469.93,120.5,7,71.55,11.5,0,C:TP2到達
2026.09.03 16:59:48,D,600003,-1004472107780_1875,BUY,4457.88,4469.93,120.5,7,71.54,11.5,0,D:TP2到達
2026.09.03 16:59:50,F,600005,-1004472107780_1875,BUY,4457.88,4469.93,120.5,7,73.88,11.7,0,F:TP2到達
2026.09.03 16:59:52,B,600001,-1004472107780_1875,BUY,4457.88,4469.93,120.5,7,74.94,11.8,0,B:TP2到達
2026.09.03 17:01:01,H,600007,-1004472107780_1875,BUY,4457.88,4465.34,74.6,7,42.49,12.8,0,SL確定足突破
2026.09.03 17:07:22,N,600013,-1004472107780_1875,BUY,4457.88,4472.97,150.9,4,51.26,19.4,3,N:3段目(+150p)
2026.09.03 17:07:24,I,600008,-1004472107780_1875,BUY,4457.88,4472.97,150.9,7,89.18,19.3,0,I:TP2(全決済)
2026.09.03 17:13:38,F,600005,-1004472107780_1879,BUY,4466.78,4469.60,28.2,1,2.69,0.6,0,F:半数決済(+20p)
2026.09.03 17:13:44,J,600009,-1004472107780_1879,BUY,4465.73,4469.75,40.2,1,4.08,0.8,0,J:TP1到達
2026.09.03 17:14:56,B,600001,-1004472107780_1879,BUY,4464.99,4469.16,41.7,3,8.36,1.1,3,B:TP1到達
2026.09.03 17:14:59,A,600000,-1004472107780_1879,BUY,4464.99,4469.16,41.7,6,19.81,0.8,0,A:TP1到達
2026.09.03 17:15:01,N,600013,-1004472107780_1879,BUY,4464.99,4469.16,41.7,2,5.09,1.5,4,N:1段目(+40p)
2026.09.03 17:15:03,C,600002,-1004472107780_1879,BUY,4464.99,4469.16,41.7,3,8.47,1.2,3,C:TP1到達
2026.09.03 17:15:05,H,600007,-1004472107780_1879,BUY,4464.99,4469.16,41.7,3,8.57,1.2,3,H:TP1到達
2026.09.03 17:15:07,M,600012,-1004472107780_1879,BUY,4464.99,4469.16,41.7,3,11.74,1.3,3,C:TP1到達
2026.09.03 17:15:10,G,600006,-1004472107780_1879,BUY,4464.99,4469.16,41.7,2,6.65,1.6,4,G:1段目(+40p)
2026.09.03 17:15:11,D,600003,-1004472107780_1879,BUY,4464.99,4469.16,41.7,3,11.11,1.4,3,D:TP1到達
2026.09.03 17:15:12,E,600004,-1004472107780_1879,BUY,4464.99,4470.61,56.2,0,0.00,0.0,6,E:建値移動(決済なし)
2026.09.03 17:15:13,E,600004,-1004472107780_1879,BUY,4464.99,4470.74,57.5,3,12.46,1.4,3,E:1.1倍水準到達
2026.09.03 17:15:16,D,600003,-1004472107780_1879,BUY,4464.99,4471.42,64.3,0,0.00,0.0,3,D:建値移動(決済なし)
2026.09.03 17:15:42,I,600008,-1004472107780_1879,BUY,4464.99,4472.63,76.4,3,18.89,1.9,3,I:TP1(半数)
2026.09.03 17:15:50,N,600013,-1004472107780_1879,BUY,4464.99,4473.33,83.4,2,16.03,1.4,2,N:2段目(+80p)
2026.09.03 17:15:51,G,600006,-1004472107780_1879,BUY,4464.99,4473.33,83.4,2,16.05,1.4,2,G:2段目(+80p)
2026.09.03 17:15:52,E,600004,-1004472107780_1879,BUY,4464.99,4474.22,92.3,3,25.68,1.4,0,E:2.0倍水準到達
2026.09.03 17:17:17,H,600007,-1004472107780_1879,BUY,4464.99,4475.15,101.6,0,0.00,0.0,3,H:建値移動(決済なし)
2026.09.03 17:17:18,O,600014,-1004472107780_1879,BUY,4464.99,4475.15,101.6,3,25.73,3.5,3,O:TP(+100p半数)
2026.09.03 17:19:44,B,600001,-1004472107780_1879,BUY,4464.99,4477.08,120.9,3,34.26,5.3,0,B:TP2到達
2026.09.03 17:19:45,C,600002,-1004472107780_1879,BUY,4464.99,4477.08,120.9,3,34.33,5.3,0,C:TP2到達
2026.09.03 17:19:46,M,600012,-1004472107780_1879,BUY,4464.99,4477.08,120.9,3,34.94,5.3,0,C:TP2到達
2026.09.03 17:19:47,D,600003,-1004472107780_1879,BUY,4464.99,4477.08,120.9,3,34.67,5.3,0,D:TP2到達
2026.09.03 17:20:10,L,600011,-1004472107780_1875,BUY,4457.88,4478.00,201.2,8,128.51,33.0,7,L:半数確保(+200p)
2026.09.03 17:20:11,G,600006,-1004472107780_1875,BUY,4457.88,4478.00,201.2,5,90.44,31.7,0,G:3段目(+200p)
2026.09.03 17:20:57,N,600013,-1004472107780_1879,BUY,4464.99,4480.13,151.4,1,14.63,6.5,1,N:3段目(+150p)
2026.09.03 17:20:58,I,600008,-1004472107780_1879,BUY,4464.99,4480.13,151.4,3,44.08,6.5,0,I:TP2(全決済)
2026.09.03 17:21:10,K,600010,-1004472107780_1879,BUY,4464.99,4479.52,145.3,3,38.10,7.3,3,K:TP1_HIT(半数)
2026.09.03 17:21:12,K,600010,-1004472107780_1875,BUY,4457.88,4479.29,214.1,7,138.85,32.9,0,K:TP_HIT(全決済)
2026.09.03 17:23:00,H,600007,-1004472107780_1879,BUY,4464.99,4472.35,73.6,3,21.68,8.6,0,SL確定足突破
2026.09.03 17:35:34,F,600005,-1004472107780_1885,BUY,4470.99,4473.36,23.7,5,0.08,1.2,5,F:半数決済(+20p)
2026.09.03 17:37:01,F,600005,-1004472107780_1885,BUY,4470.99,4471.48,4.9,5,-2.98,2.2,0,SL確定足突破
2026.09.03 17:41:26,J,600009,-1004472107780_1885,BUY,4470.99,4466.80,-41.9,10,-42.24,7.1,0,SL確定足突破
2026.09.03 17:41:28,B,600001,-1004472107780_1885,BUY,4470.99,4466.80,-41.9,10,-49.20,7.2,0,SL確定足突破
2026.09.03 17:41:31,L,600011,-1004472107780_1885,BUY,4470.99,4466.80,-41.9,10,-45.72,7.0,0,SL確定足突破
2026.09.03 17:41:34,E,600004,-1004472107780_1885,BUY,4470.99,4466.80,-41.9,10,-41.25,7.2,0,SL確定足突破
2026.09.03 17:41:36,O,600014,-1004472107780_1885,BUY,4470.99,4466.80,-41.9,10,-40.34,7.3,0,SL確定足突破
2026.09.03 17:41:39,K,600010,-1004472107780_1885,BUY,4470.99,4466.80,-41.9,10,-45.20,7.3,0,SL確定足突破
2026.09.03 17:41:42,M,600012,-1004472107780_1885,BUY,4470.99,4466.80,-41.9,10,-47.02,7.3,0,SL確定足突破
2026.09.03 17:41:45,H,600007,-1004472107780_1885,BUY,4470.99,4466.80,-41.9,10,-43.25,7.5,0,SL確定足突破
2026.09.03 17:41:47,D,600003,-1004472107780_1885,BUY,4470.99,4466.80,-41.9,10,-42.82,7.3,0,SL確定足突破
2026.09.03 17:41:50,G,600006,-1004472107780_1885,BUY,4470.99,4466.80,-41.9,10,-41.86,7.5,0,SL確定足突破
2026.09.03 17:41:53,N,600013,-1004472107780_1885,BUY,4470.99,4466.80,-41.9,10,-38.88,7.3,0,SL確定足突破
2026.09.03 17:41:55,I,600008,-1004472107780_1885,BUY,4470.99,4466.80,-41.9,10,-35.67,7.4,0,SL確定足突破
2026.09.03 17:41:58,A,600000,-1004472107780_1885,BUY,4470.99,4466.80,-41.9,10,-32.38,7.5,0,SL確定足突破
2026.09.03 17:42:01,C,600002,-1004472107780_1885,BUY,4470.99,4466.80,-41.9,10,-31.97,7.4,0,SL確定足突破
2026.09.03 17:42:03,F,600005,-1004472107780_1891,BUY,4466.50,4469.77,32.7,3,5.90,1.2,2,F:半数決済(+20p)
2026.09.03 17:42:46,M,600012,-1004472107780_1891,BUY,4466.80,4471.20,44.0,2,7.20,1.9,2,C:TP1到達
2026.09.03 17:42:48,C,600002,-1004472107780_1891,BUY,4466.94,4471.20,42.6,2,8.24,1.9,2,C:TP1到達
2026.09.03 17:42:51,A,600000,-1004472107780_1891,BUY,4467.41,4471.86,44.5,3,8.23,1.7,0,A:TP1到達
2026.09.03 17:42:53,N,600013,-1004472107780_1891,BUY,4467.41,4471.86,44.5,1,2.20,2.1,2,N:1段目(+40p)
2026.09.03 17:42:54,D,600003,-1004472107780_1891,BUY,4467.41,4471.86,44.5,2,4.45,1.9,1,D:TP1到達
2026.09.03 17:42:54,B,600001,-1004472107780_1891,BUY,4467.62,4471.86,42.4,2,4.60,2.0,1,B:TP1到達
2026.09.03 17:42:56,J,600009,-1004472107780_1891,BUY,4467.41,4471.86,44.5,2,4.19,1.9,1,J:TP1到達
2026.09.03 17:42:59,H,600007,-1004472107780_1891,BUY,4467.41,4471.86,44.5,2,4.34,2.0,1,H:TP1到達
2026.09.03 17:43:34,E,600004,-1004472107780_1891,BUY,4467.41,4471.91,45.0,0,0.00,0.0,3,E:建値移動(決済なし)
2026.09.03 17:43:36,G,600006,-1004472107780_1891,BUY,4467.92,4473.43,55.1,1,5.04,2.8,1,G:1段目(+40p)
2026.09.03 17:43:38,D,600003,-1004472107780_1891,BUY,4467.41,4473.43,60.2,0,0.00,0.0,1,D:建値移動(決済なし)
2026.09.03 17:43:39,E,600004,-1004472107780_1891,BUY,4467.41,4473.43,60.2,2,11.19,2.6,1,E:1.1倍水準到達
2026.09.03 17:43:39,I,600008,-1004472107780_1891,BUY,4466.50,4474.28,77.8,3,18.40,2.9,2,I:TP1(半数)
2026.09.03 17:46:05,N,600013,-1004472107780_1891,BUY,4467.41,4475.71,83.0,1,8.24,5.0,1,N:2段目(+80p)
2026.09.03 17:46:05,G,600006,-1004472107780_1891,BUY,4467.92,4476.04,81.2,1,8.08,4.7,0,G:2段目(+80p)
2026.09.03 17:46:49,E,600004,-1004472107780_1891,BUY,4467.41,4476.44,90.3,1,8.92,5.5,0,E:2.0倍水準到達
2026.09.03 17:47:01,O,600014,-1004472107780_1891,BUY,4466.50,4476.53,100.3,3,25.94,6.2,2,O:TP(+100p半数)
2026.09.03 17:47:10,H,600007,-1004472107780_1891,BUY,4467.41,4477.41,100.0,0,0.00,0.0,1,H:建値移動(決済なし)
2026.09.03 17:47:46,F,600005,-1004472107780_1891,BUY,4466.50,4478.54,120.4,2,23.99,6.8,0,F:TP2到達
2026.09.03 17:47:51,M,600012,-1004472107780_1891,BUY,4466.80,4479.02,122.2,2,24.15,6.9,0,C:TP2到達
2026.09.03 17:47:51,C,600002,-1004472107780_1891,BUY,4466.94,4479.02,120.8,2,23.88,6.8,0,C:TP2到達
2026.09.03 17:47:59,D,600003,-1004472107780_1891,BUY,4467.41,4479.45,120.4,1,12.10,6.7,0,D:TP2到達
2026.09.03 17:47:59,J,600009,-1004472107780_1891,BUY,4467.41,4479.45,120.4,1,12.14,6.7,0,J:TP2到達
2026.09.03 17:48:01,B,600001,-1004472107780_1891,BUY,4467.62,4479.75,121.3,1,11.60,7.0,0,B:TP2到達
2026.09.03 17:50:00,H,600007,-1004472107780_1891,BUY,4467.41,4474.28,68.7,1,6.76,8.7,0,SL確定足突破
2026.09.03 17:50:50,F,600005,-1004472107780_1896,BUY,4476.08,4478.13,20.5,1,2.05,0.7,0,F:半数決済(+20p)
2026.09.03 17:56:11,D,600003,-1004472107780_1896,BUY,4475.46,4479.47,40.1,1,4.06,6.1,0,D:TP1到達
2026.09.03 17:56:28,G,600006,-1004472107780_1896,BUY,4470.55,4475.16,46.1,3,6.41,2.1,5,G:1段目(+40p)
2026.09.03 17:56:29,B,600001,-1004472107780_1896,BUY,4470.55,4475.16,46.1,4,10.68,1.7,4,B:TP1到達
2026.09.03 17:56:30,M,600012,-1004472107780_1896,BUY,4470.55,4475.16,46.1,4,10.46,1.7,4,C:TP1到達
2026.09.03 17:56:31,N,600013,-1004472107780_1896,BUY,4470.55,4475.16,46.1,2,3.69,3.3,6,N:1段目(+40p)
2026.09.03 17:56:34,J,600009,-1004472107780_1896,BUY,4470.55,4475.16,46.1,4,13.90,1.7,4,J:TP1到達
2026.09.03 17:56:34,E,600004,-1004472107780_1896,BUY,4470.55,4475.16,46.1,0,0.00,0.0,8,E:建値移動(決済なし)
2026.09.03 17:56:36,C,600002,-1004472107780_1896,BUY,4470.55,4475.16,46.1,4,9.59,1.8,4,C:TP1到達
2026.09.03 17:56:38,A,600000,-1004472107780_1896,BUY,4470.55,4475.16,46.1,8,31.81,1.0,0,A:TP1到達
2026.09.03 17:56:40,H,600007,-1004472107780_1896,BUY,4470.55,4475.16,46.1,4,12.96,1.8,4,H:TP1到達
2026.09.03 17:56:41,E,600004,-1004472107780_1896,BUY,4470.55,4476.60,60.5,4,11.42,1.9,4,E:1.1倍水準到達
2026.09.03 17:57:00,O,600014,-1004472107780_1896,BUY,4475.43,4475.35,-0.8,1,0.00,6.9,0,SL確定足突破
2026.09.03 17:57:35,I,600008,-1004472107780_1896,BUY,4470.55,4478.07,75.2,4,17.47,2.8,4,I:TP1(半数)
2026.09.03 17:57:38,G,600006,-1004472107780_1896,BUY,4470.55,4478.64,80.9,3,22.29,1.3,2,G:2段目(+80p)
2026.09.03 17:57:38,N,600013,-1004472107780_1896,BUY,4470.55,4478.64,80.9,2,12.56,1.3,4,N:2段目(+80p)
2026.09.03 17:57:44,E,600004,-1004472107780_1896,BUY,4470.55,4479.65,91.0,4,35.94,1.4,0,E:2.0倍水準到達
2026.09.03 17:57:53,H,600007,-1004472107780_1896,BUY,4470.55,4480.57,100.2,0,0.00,0.0,4,H:建値移動(決済なし)
2026.09.03 17:58:07,I,600008,-1004472107780_1891,BUY,4466.50,4481.55,150.5,2,29.69,17.2,0,I:TP2(全決済)
2026.09.03 17:58:13,N,600013,-1004472107780_1891,BUY,4467.41,4482.41,150.0,1,15.04,16.9,0,N:3段目(+150p)
2026.09.03 17:58:16,B,600001,-1004472107780_1896,BUY,4470.55,4482.55,120.0,4,48.90,1.9,0,B:TP2到達
2026.09.03 17:58:17,M,600012,-1004472107780_1896,BUY,4470.55,4482.55,120.0,4,49.36,1.9,0,C:TP2到達
2026.09.03 17:58:18,J,600009,-1004472107780_1896,BUY,4470.55,4482.55,120.0,4,48.05,1.9,0,J:TP2到達
2026.09.03 17:58:20,C,600002,-1004472107780_1896,BUY,4470.55,4482.55,120.0,4,47.69,2.0,0,C:TP2到達
2026.09.03 17:59:58,L,600011,-1004472107780_1879,BUY,4464.99,4485.00,200.1,3,54.74,46.5,3,L:半数確保(+200p)
2026.09.03 17:59:59,G,600006,-1004472107780_1879,BUY,4464.99,4485.00,200.1,2,39.92,45.5,0,G:3段目(+200p)
2026.09.03 18:00:00,N,600013,-1004472107780_1896,BUY,4470.55,4485.94,153.9,2,30.92,3.6,2,N:3段目(+150p)
2026.09.03 18:00:01,I,600008,-1004472107780_1896,BUY,4470.55,4485.94,153.9,4,62.89,3.6,0,I:TP2(全決済)
2026.09.03 18:00:18,L,600011,-1004472107780_1891,BUY,4466.29,4486.29,200.0,3,57.40,19.4,2,L:半数確保(+200p)
2026.09.03 18:01:45,G,600006,-1004472107780_1896,BUY,4470.55,4490.82,202.7,2,40.42,5.4,0,G:3段目(+200p)
2026.09.03 18:01:46,L,600011,-1004472107780_1896,BUY,4470.55,4490.82,202.7,4,70.26,6.9,4,L:半数確保(+200p)
2026.09.03 18:02:00,N,600013,-1004472107780_1849,SELL,4487.50,4491.63,-41.3,1,-4.31,106.4,0,SL確定足突破
2026.09.03 18:02:00,O,600014,-1004472107780_1849,SELL,4487.46,4491.63,-41.7,2,-8.43,106.5,0,SL確定足突破
2026.09.03 18:02:01,L,600011,-1004472107780_1849,SELL,4487.50,4491.63,-41.3,2,-8.55,106.4,0,SL確定足突破
2026.09.03 18:10:01,H,600007,-1004472107780_1896,BUY,4470.55,4497.93,273.8,4,109.01,13.6,0,SL確定足突破
2026.09.03 23:16:00,N,600013,-1004472107780_1896,BUY,4470.55,4470.53,-0.2,2,0.44,319.6,0,SL確定足突破
2026.09.03 23:16:01,L,600011,-1004472107780_1896,BUY,4470.55,4470.53,-0.2,4,0.04,319.6,0,SL確定足突破
2026.09.04 06:59:02,K,600010,-1004472107780_1896,BUY,4470.55,4467.61,-29.4,8,-41.90,783.4,0,SL確定足突破
2026.09.04 07:01:00,L,600011,-1004472107780_1891,BUY,4466.29,4466.05,-2.4,2,-2.26,800.0,0,SL確定足突破
2026.09.04 07:01:01,O,600014,-1004472107780_1891,BUY,4466.50,4466.05,-4.5,2,-2.95,800.1,0,SL確定足突破
2026.09.04 09:35:01,K,600010,-1004472107780_1891,BUY,4466.50,4464.95,-15.5,5,-16.27,954.2,0,SL確定足突破
2026.09.04 09:35:01,N,600013,-1004472107780_1879,BUY,4464.99,4464.95,-0.4,1,-0.73,980.5,0,SL確定足突破
2026.09.04 09:35:02,L,600011,-1004472107780_1879,BUY,4464.99,4464.95,-0.4,3,-3.19,980.6,0,SL確定足突破
2026.09.04 09:35:03,O,600014,-1004472107780_1879,BUY,4464.99,4464.95,-0.4,3,-2.79,980.6,0,SL確定足突破
2026.09.04 09:35:04,K,600010,-1004472107780_1879,BUY,4464.99,4464.95,-0.4,3,-3.13,980.6,0,SL確定足突破
2026.09.04 10:14:42,F,600005,-1004472107780_1906,SELL,4470.30,4468.16,21.4,1,2.14,0.7,1,F:半数決済(+20p)
2026.09.04 10:15:16,H,600007,-1004472107780_1906,SELL,4471.10,4467.10,40.0,2,6.37,1.2,2,H:TP1到達
2026.09.04 10:15:18,J,600009,-1004472107780_1906,SELL,4471.10,4467.10,40.0,2,7.06,1.3,2,J:TP1到達
2026.09.04 10:15:20,G,600006,-1004472107780_1906,SELL,4471.10,4467.10,40.0,2,6.91,1.3,2,G:1段目(+40p)
2026.09.04 10:15:22,C,600002,-1004472107780_1906,SELL,4470.99,4466.92,40.7,2,7.07,1.3,2,C:TP1到達
2026.09.04 10:25:00,J,600009,-1004472107780_1906,SELL,4471.10,4469.68,14.2,2,1.76,10.9,0,SL確定足突破
2026.09.04 10:28:00,F,600005,-1004472107780_1906,SELL,4470.30,4470.12,1.8,1,0.07,13.7,0,SL確定足突破
2026.09.04 10:29:00,H,600007,-1004472107780_1906,SELL,4471.10,4470.82,2.8,2,-0.32,14.9,0,SL確定足突破
2026.09.04 10:29:01,O,600014,-1004472107780_1906,SELL,4470.88,4470.82,0.6,3,-0.50,14.8,0,SL確定足突破
2026.09.04 10:29:02,C,600002,-1004472107780_1906,SELL,4470.99,4470.82,1.7,2,0.69,14.9,0,SL確定足突破
2026.09.04 10:29:03,I,600008,-1004472107780_1906,SELL,4470.90,4470.82,0.8,4,1.35,14.9,0,SL確定足突破
2026.09.04 10:35:02,I,600008,-1004472107780_1912,SELL,4472.52,4474.79,-22.7,10,-50.36,9.0,0,SL確定足突破
2026.09.04 10:35:05,D,600003,-1004472107780_1912,SELL,4472.52,4474.79,-22.7,10,-50.81,9.0,0,SL確定足突破
2026.09.04 10:35:08,B,600001,-1004472107780_1912,SELL,4472.52,4474.79,-22.7,10,-51.60,9.1,0,SL確定足突破
2026.09.04 10:35:10,F,600005,-1004472107780_1912,SELL,4472.52,4474.79,-22.7,10,-50.15,9.1,0,SL確定足突破
2026.09.04 10:35:13,A,600000,-1004472107780_1912,SELL,4472.52,4474.79,-22.7,10,-51.34,9.2,0,SL確定足突破
2026.09.04 10:35:16,E,600004,-1004472107780_1912,SELL,4472.52,4474.79,-22.7,10,-48.80,9.2,0,SL確定足突破
2026.09.04 10:35:18,H,600007,-1004472107780_1912,SELL,4472.52,4474.79,-22.7,10,-48.86,9.2,0,SL確定足突破
2026.09.04 10:35:21,O,600014,-1004472107780_1912,SELL,4472.52,4474.79,-22.7,10,-49.14,9.3,0,SL確定足突破
2026.09.04 10:35:24,G,600006,-1004472107780_1912,SELL,4472.52,4474.79,-22.7,10,-45.17,9.3,0,SL確定足突破
2026.09.04 10:35:27,N,600013,-1004472107780_1912,SELL,4472.52,4474.79,-22.7,10,-45.06,9.4,0,SL確定足突破
2026.09.04 10:35:29,L,600011,-1004472107780_1912,SELL,4472.52,4474.79,-22.7,10,-44.48,9.5,0,SL確定足突破
2026.09.04 10:35:32,J,600009,-1004472107780_1912,SELL,4472.52,4474.79,-22.7,10,-48.15,9.5,0,SL確定足突破
2026.09.04 10:35:35,C,600002,-1004472107780_1912,SELL,4472.52,4474.79,-22.7,10,-48.35,9.5,0,SL確定足突破
2026.09.04 10:42:01,K,600010,-1004472107780_1912,SELL,4472.52,4478.10,-55.8,10,-82.87,16.0,0,K:HIT_SL
2026.09.04 10:42:01,K,600010,-1004472107780_1906,SELL,4470.31,4478.18,-78.7,2,-16.22,27.8,0,K:HIT_SL
2026.09.04 10:42:03,L,600011,-1004472107780_1906,SELL,4470.63,4477.93,-73.0,3,-22.21,27.9,0,SL確定足突破
2026.09.04 10:42:03,A,600000,-1004472107780_1906,SELL,4470.33,4477.93,-76.0,1,-7.54,28.1,0,SL確定足突破
2026.09.04 10:42:04,B,600001,-1004472107780_1906,SELL,4470.29,4477.93,-76.4,2,-16.09,27.9,0,SL確定足突破
2026.09.04 10:42:04,G,600006,-1004472107780_1906,SELL,4471.10,4477.93,-68.3,2,-14.91,27.9,0,SL確定足突破
2026.09.04 10:42:05,D,600003,-1004472107780_1906,SELL,4470.45,4477.93,-74.8,3,-23.49,28.0,0,SL確定足突破
2026.09.04 10:42:05,E,600004,-1004472107780_1906,SELL,4470.23,4477.93,-77.0,1,-8.36,28.1,0,SL確定足突破
2026.09.04 10:42:06,N,600013,-1004472107780_1906,SELL,4470.22,4477.93,-77.1,1,-8.38,28.2,0,SL確定足突破
2026.09.04 10:43:00,M,600012,-1004472107780_1905,SELL,4470.25,4482.26,-120.1,1,-11.84,29.1,0,SL確定足突破
2026.09.04 11:07:26,F,600005,-1004472107780_1922,BUY,4481.94,4483.96,20.2,4,-3.71,5.4,4,F:半数決済(+20p)
2026.09.04 11:08:01,F,600005,-1004472107780_1922,BUY,4481.94,4482.30,3.6,4,-0.93,3.4,0,SL確定足突破
2026.09.04 11:38:02,J,600009,-1004472107780_1922,BUY,4480.94,4478.37,-25.7,10,-48.13,33.5,0,SL確定足突破
2026.09.04 11:38:05,M,600012,-1004472107780_1922,BUY,4480.94,4478.37,-25.7,10,-46.80,33.5,0,SL確定足突破
2026.09.04 11:38:08,C,600002,-1004472107780_1922,BUY,4480.94,4478.37,-25.7,10,-47.32,33.5,0,SL確定足突破
2026.09.04 11:38:10,E,600004,-1004472107780_1922,BUY,4480.94,4478.37,-25.7,10,-53.84,33.6,0,SL確定足突破
2026.09.04 11:38:13,A,600000,-1004472107780_1922,BUY,4480.94,4478.37,-25.7,10,-50.72,33.6,0,SL確定足突破
2026.09.04 11:38:16,G,600006,-1004472107780_1922,BUY,4480.94,4478.37,-25.7,10,-47.90,33.7,0,SL確定足突破
2026.09.04 11:38:18,L,600011,-1004472107780_1922,BUY,4480.94,4478.37,-25.7,10,-49.04,33.7,0,SL確定足突破
2026.09.04 11:38:21,O,600014,-1004472107780_1922,BUY,4480.94,4478.37,-25.7,10,-47.65,33.7,0,SL確定足突破
2026.09.04 11:38:23,I,600008,-1004472107780_1922,BUY,4480.94,4478.37,-25.7,10,-48.83,33.8,0,SL確定足突破
2026.09.04 11:38:26,D,600003,-1004472107780_1922,BUY,4480.94,4478.37,-25.7,10,-50.55,33.8,0,SL確定足突破
2026.09.04 11:38:29,N,600013,-1004472107780_1922,BUY,4480.94,4478.37,-25.7,10,-46.87,33.9,0,SL確定足突破
2026.09.04 11:38:32,K,600010,-1004472107780_1922,BUY,4480.94,4478.37,-25.7,10,-39.08,34.0,0,SL確定足突破
2026.09.04 11:38:34,H,600007,-1004472107780_1922,BUY,4480.94,4478.37,-25.7,10,-39.18,34.0,0,SL確定足突破
2026.09.04 11:38:37,B,600001,-1004472107780_1922,BUY,4480.94,4478.37,-25.7,10,-37.19,34.0,0,SL確定足突破
2026.09.04 12:30:02,F,600005,-1004472107780_1926,BUY,4464.78,4466.82,20.4,1,1.81,1.3,0,F:半数決済(+20p)
2026.09.04 12:32:52,G,600006,-1004472107780_1926,BUY,4464.88,4469.49,46.1,1,4.05,4.1,0,G:1段目(+40p)
2026.09.04 12:32:55,N,600013,-1004472107780_1926,BUY,4464.75,4469.49,47.4,1,4.53,4.2,0,N:1段目(+40p)
2026.09.04 12:32:58,H,600007,-1004472107780_1926,BUY,4464.85,4469.49,46.4,1,4.96,4.2,0,H:TP1到達
2026.09.04 12:33:00,J,600009,-1004472107780_1926,BUY,4464.68,4469.49,48.1,1,5.03,4.3,0,J:TP1到達
2026.09.04 12:33:00,B,600001,-1004472107780_1926,BUY,4464.78,4469.49,47.1,1,4.97,4.3,0,B:TP1到達
2026.09.04 12:33:03,E,600004,-1004472107780_1926,BUY,4464.73,4469.49,47.6,0,0.00,0.0,1,E:建値移動(決済なし)
2026.09.04 12:33:06,D,600003,-1004472107780_1926,BUY,4464.67,4469.49,48.2,1,5.23,4.4,0,D:TP1到達
2026.09.04 12:33:08,C,600002,-1004472107780_1926,BUY,4464.67,4469.49,48.2,1,5.49,4.4,0,C:TP1到達
2026.09.04 12:33:13,A,600000,-1004472107780_1926,BUY,4464.56,4469.49,49.3,1,5.30,4.6,0,A:TP1到達
2026.09.04 12:33:16,E,600004,-1004472107780_1926,BUY,4464.73,4469.86,51.3,1,4.33,4.6,0,E:1.1倍水準到達
2026.09.04 13:14:30,I,600008,-1004472107780_1926,BUY,4464.67,4472.22,75.5,1,7.42,45.8,0,I:TP1(半数)
2026.09.04 13:27:16,K,600010,-1004472107780_1926,BUY,4464.56,4469.76,52.0,1,5.20,58.6,0,K:TP1_HIT(半数)
2026.09.04 13:33:10,O,600014,-1004472107780_1926,BUY,4464.79,4474.85,100.6,1,9.88,64.5,0,O:TP(+100p半数)
2026.09.04 15:30:02,L,600011,-1004472107780_1926,BUY,4464.79,4436.92,-278.7,1,-27.87,181.3,0,L:強制決済(逆行保険)
2026.09.04 15:30:05,L,600011,-1004472107780_1875,BUY,4457.88,4436.92,-209.6,7,-158.37,1362.0,0,L:強制決済(逆行保険)
2026.09.04 15:30:09,L,600011,-1004472107780_1792,BUY,4436.96,4401.91,-350.5,2,-72.31,1481.9,0,L:強制決済(逆行保険)
2026.09.04 15:31:01,O,600014,-1004472107780_1875,BUY,4457.88,4403.68,-542.0,7,-401.96,1362.7,0,SL確定足突破
2026.09.04 15:31:02,N,600013,-1004472107780_1875,BUY,4457.88,4403.68,-542.0,3,-174.84,1362.4,0,SL確定足突破
2026.09.04 15:31:03,N,600013,-1004472107780_1792,BUY,4436.96,4403.68,-332.8,1,-36.43,1482.7,0,SL確定足突破
2026.09.04 15:31:03,O,600014,-1004472107780_1792,BUY,4436.96,4403.68,-332.8,2,-61.78,1482.8,0,SL確定足突破
2026.09.04 15:57:20,F,600005,-1004472107780_1935,BUY,4399.51,4402.23,27.2,1,2.40,0.1,0,F:半数決済(+20p)
2026.09.04 15:58:19,J,600009,-1004472107780_1936,BUY,4399.51,4403.61,41.0,1,4.12,1.0,0,J:TP1到達
2026.09.04 15:58:21,H,600007,-1004472107780_1936,BUY,4401.48,4405.53,40.5,1,3.36,1.0,0,H:TP1到達
2026.09.04 15:58:24,N,600013,-1004472107780_1936,BUY,4401.10,4405.53,44.3,1,2.95,1.1,0,N:1段目(+40p)
2026.09.04 15:58:24,B,600001,-1004472107780_1936,BUY,4400.95,4405.53,45.8,1,3.34,1.1,0,B:TP1到達
2026.09.04 15:58:27,D,600003,-1004472107780_1936,BUY,4400.39,4405.53,51.4,1,3.19,1.1,0,D:TP1到達
2026.09.04 15:58:29,E,600004,-1004472107780_1936,BUY,4399.71,4405.53,58.2,0,0.00,0.0,1,E:建値移動(決済なし)
2026.09.04 15:58:32,G,600006,-1004472107780_1936,BUY,4399.71,4405.53,58.2,1,2.51,1.2,0,G:1段目(+40p)
2026.09.04 16:00:00,O,600014,-1004472107780_1936,BUY,4400.88,4393.89,-69.9,1,-6.79,2.7,0,SL確定足突破
2026.09.04 16:00:00,E,600004,-1004472107780_1936,BUY,4399.71,4393.89,-58.2,1,-5.62,2.7,0,SL確定足突破
2026.09.04 16:00:21,L,600011,-1004472107780_1936,BUY,4394.82,4379.53,-152.9,10,-178.82,1.5,0,L:強制決済(逆行保険)
2026.09.04 16:01:00,C,600002,-1004472107780_1935,BUY,4402.44,4366.52,-359.2,1,-35.53,3.7,0,SL確定足突破
2026.09.04 16:01:00,I,600008,-1004472107780_1935,BUY,4402.16,4366.52,-356.4,1,-34.96,3.7,0,SL確定足突破
2026.09.04 16:01:03,A,600000,-1004472107780_1936,BUY,4394.82,4366.52,-283.0,10,-306.17,2.2,0,SL確定足突破
2026.09.04 16:01:05,B,600001,-1004472107780_1936,BUY,4400.95,4366.52,-344.3,9,-260.00,2.0,0,SL確定足突破
2026.09.04 16:01:08,D,600003,-1004472107780_1936,BUY,4400.39,4366.52,-338.7,9,-249.14,2.1,0,SL確定足突破
2026.09.04 16:01:11,K,600010,-1004472107780_1936,BUY,4394.82,4366.52,-283.0,10,-299.06,2.3,0,SL確定足突破
2026.09.04 16:07:08,F,600005,-1004472107780_1940,BUY,4380.79,4383.46,26.7,1,2.49,0.8,0,F:半数決済(+20p)
2026.09.04 16:07:11,N,600013,-1004472107780_1940,BUY,4379.21,4383.46,42.5,1,4.19,0.9,0,N:1段目(+40p)
2026.09.04 16:07:14,A,600000,-1004472107780_1940,BUY,4378.84,4383.46,46.2,1,4.61,0.9,0,A:TP1到達
2026.09.04 16:07:20,H,600007,-1004472107780_1940,BUY,4379.81,4384.09,42.8,1,4.29,1.0,0,H:TP1到達
2026.09.04 16:07:23,J,600009,-1004472107780_1940,BUY,4380.15,4384.22,40.7,1,3.94,1.0,0,J:TP1到達
2026.09.04 16:07:23,B,600001,-1004472107780_1940,BUY,4380.15,4384.22,40.7,1,3.42,1.1,0,B:TP1到達
2026.09.04 16:07:55,G,600006,-1004472107780_1940,BUY,4380.45,4384.63,41.8,1,4.44,1.5,0,G:1段目(+40p)
2026.09.04 16:07:57,C,600002,-1004472107780_1940,BUY,4380.45,4384.63,41.8,1,4.77,1.6,0,C:TP1到達
2026.09.04 16:07:58,D,600003,-1004472107780_1940,BUY,4380.54,4384.63,40.9,1,4.72,1.6,0,D:TP1到達
2026.09.04 16:08:03,E,600004,-1004472107780_1940,BUY,4380.25,4385.26,50.1,0,0.00,0.0,1,E:建値移動(決済なし)
2026.09.04 16:08:03,E,600004,-1004472107780_1940,BUY,4380.25,4385.63,53.8,1,5.38,1.8,0,E:1.1倍水準到達
2026.09.04 16:08:03,I,600008,-1004472107780_1940,BUY,4378.41,4386.13,77.2,1,7.72,1.8,0,I:TP1(半数)
2026.09.04 16:09:26,O,600014,-1004472107780_1940,BUY,4378.64,4388.92,102.8,1,10.28,3.1,0,O:TP(+100p半数)
2026.09.04 16:09:43,K,600010,-1004472107780_1940,BUY,4380.54,4389.85,93.1,1,9.22,3.4,0,K:TP1_HIT(半数)
2026.09.04 16:20:40,L,600011,-1004472107780_1940,BUY,4380.23,4400.37,201.4,1,20.07,14.3,0,L:半数確保(+200p)
2026.09.04 16:26:02,L,600011,-1004472107780_1946,SELL,4404.16,4407.13,-29.7,10,-54.49,2.3,0,SL確定足突破
2026.09.04 16:26:05,N,600013,-1004472107780_1946,SELL,4404.16,4407.13,-29.7,10,-51.39,2.4,0,SL確定足突破
2026.09.04 16:26:08,J,600009,-1004472107780_1946,SELL,4404.16,4407.13,-29.7,10,-51.63,2.4,0,SL確定足突破
2026.09.04 16:26:10,B,600001,-1004472107780_1946,SELL,4404.16,4407.13,-29.7,10,-50.14,2.5,0,SL確定足突破
2026.09.04 16:26:13,H,600007,-1004472107780_1946,SELL,4404.16,4407.13,-29.7,10,-45.73,2.5,0,SL確定足突破
2026.09.04 16:26:16,D,600003,-1004472107780_1946,SELL,4404.16,4407.13,-29.7,10,-47.44,2.6,0,SL確定足突破
2026.09.04 16:26:19,F,600005,-1004472107780_1946,SELL,4404.16,4407.13,-29.7,10,-40.56,2.6,0,SL確定足突破
2026.09.04 16:26:21,K,600010,-1004472107780_1946,SELL,4404.16,4407.13,-29.7,10,-41.43,2.7,0,SL確定足突破
2026.09.04 16:26:24,A,600000,-1004472107780_1946,SELL,4404.16,4407.13,-29.7,10,-45.56,2.7,0,SL確定足突破
2026.09.04 16:26:27,O,600014,-1004472107780_1946,SELL,4404.16,4407.13,-29.7,10,-47.02,2.8,0,SL確定足突破
2026.09.04 16:26:29,E,600004,-1004472107780_1946,SELL,4404.16,4407.13,-29.7,10,-49.31,2.8,0,SL確定足突破
2026.09.04 16:26:32,M,600012,-1004472107780_1946,SELL,4404.16,4407.13,-29.7,10,-47.14,2.8,0,SL確定足突破
2026.09.04 16:26:34,I,600008,-1004472107780_1946,SELL,4404.16,4407.13,-29.7,10,-47.37,2.9,0,SL確定足突破
2026.09.04 16:26:37,C,600002,-1004472107780_1946,SELL,4404.16,4407.13,-29.7,10,-52.85,2.9,0,SL確定足突破
2026.09.04 16:26:40,G,600006,-1004472107780_1946,SELL,4404.16,4407.13,-29.7,10,-57.83,3.0,0,SL確定足突破
2026.09.04 16:31:32,F,600005,-1004472107780_1951,SELL,4417.54,4415.20,23.4,1,2.54,0.6,0,F:半数決済(+20p)
2026.09.04 16:32:40,D,600003,-1004472107780_1951,SELL,4420.45,4416.41,40.4,3,2.30,1.2,3,D:TP1到達
2026.09.04 16:32:42,H,600007,-1004472107780_1951,SELL,4420.45,4416.41,40.4,3,-1.43,1.2,3,H:TP1到達
2026.09.04 16:32:45,C,600002,-1004472107780_1951,SELL,4420.45,4416.41,40.4,3,-1.23,1.3,3,C:TP1到達
2026.09.04 16:32:46,N,600013,-1004472107780_1951,SELL,4420.45,4416.41,40.4,2,1.30,1.4,4,N:1段目(+40p)
2026.09.04 16:32:49,J,600009,-1004472107780_1951,SELL,4420.45,4416.41,40.4,3,-1.57,1.3,3,J:TP1到達
2026.09.04 16:32:50,B,600001,-1004472107780_1951,SELL,4420.45,4416.41,40.4,3,-3.38,1.4,3,B:TP1到達
2026.09.04 16:32:52,A,600000,-1004472107780_1951,SELL,4420.45,4416.41,40.4,6,3.78,0.9,0,A:TP1到達
2026.09.04 16:32:54,G,600006,-1004472107780_1951,SELL,4420.45,4416.41,40.4,2,-1.37,1.6,4,G:1段目(+40p)
2026.09.04 16:33:45,E,600004,-1004472107780_1951,SELL,4420.59,4416.16,44.3,0,0.00,0.0,7,E:建値移動(決済なし)
2026.09.04 16:34:45,E,600004,-1004472107780_1951,SELL,4420.59,4415.71,48.8,4,11.65,3.1,3,E:1.1倍水準到達
2026.09.04 16:34:46,D,600003,-1004472107780_1951,SELL,4420.45,4414.44,60.1,0,0.00,0.0,4,D:建値移動(決済なし)
2026.09.04 16:35:03,I,600008,-1004472107780_1951,SELL,4420.45,4412.53,79.2,3,15.24,3.6,3,I:TP1(半数)
2026.09.04 16:35:51,N,600013,-1004472107780_1951,SELL,4420.45,4412.32,81.3,2,12.85,3.8,2,N:2段目(+80p)
2026.09.04 16:35:52,G,600006,-1004472107780_1951,SELL,4420.45,4412.32,81.3,2,12.62,3.8,2,G:2段目(+80p)
2026.09.04 16:35:56,E,600004,-1004472107780_1951,SELL,4420.59,4411.68,89.1,3,25.10,3.2,0,E:2.0倍水準到達
2026.09.04 16:36:19,H,600007,-1004472107780_1951,SELL,4420.45,4410.26,101.9,0,0.00,0.0,3,H:建値移動(決済なし)
2026.09.04 16:36:20,O,600014,-1004472107780_1951,SELL,4420.45,4410.26,101.9,3,22.82,4.9,3,O:TP(+100p半数)
2026.09.04 16:37:25,K,600010,-1004472107780_1951,SELL,4420.59,4414.44,61.5,4,16.15,5.7,3,K:TP1_HIT(半数)
2026.09.04 16:38:01,H,600007,-1004472107780_1951,SELL,4420.45,4413.74,67.1,3,16.14,5.6,0,SL確定足突破
2026.09.04 16:38:41,F,600005,-1004472107780_1955,SELL,4413.88,4411.86,20.2,1,2.02,0.6,0,F:半数決済(+20p)
2026.09.04 16:39:15,C,600002,-1004472107780_1955,SELL,4414.24,4410.21,40.3,1,4.03,1.1,0,C:TP1到達
2026.09.04 16:39:15,D,600003,-1004472107780_1955,SELL,4414.21,4410.21,40.0,1,4.76,1.2,0,D:TP1到達
2026.09.04 16:39:18,G,600006,-1004472107780_1955,SELL,4414.21,4410.21,40.0,1,4.74,1.2,0,G:1段目(+40p)
2026.09.04 16:39:20,J,600009,-1004472107780_1955,SELL,4414.39,4410.21,41.8,1,6.25,1.3,0,J:TP1到達
2026.09.04 16:39:21,B,600001,-1004472107780_1955,SELL,4414.34,4410.21,41.3,1,7.08,1.3,0,B:TP1到達
2026.09.04 16:39:23,H,600007,-1004472107780_1955,SELL,4413.81,4407.26,65.5,1,6.55,1.3,0,H:TP1到達
2026.09.04 16:39:26,A,600000,-1004472107780_1955,SELL,4413.81,4407.26,65.5,1,7.63,1.4,0,A:TP1到達
2026.09.04 16:39:33,E,600004,-1004472107780_1955,SELL,4414.06,4407.26,68.0,0,0.00,0.0,1,E:建値移動(決済なし)
2026.09.04 16:39:40,N,600013,-1004472107780_1955,SELL,4413.75,4407.26,64.9,1,5.49,1.6,0,N:1段目(+40p)
2026.09.04 16:39:41,D,600003,-1004472107780_1951,SELL,4420.45,4407.26,131.9,4,45.69,7.0,0,D:TP2到達
2026.09.04 16:39:42,C,600002,-1004472107780_1951,SELL,4420.45,4407.26,131.9,3,32.37,7.3,0,C:TP2到達
2026.09.04 16:39:43,J,600009,-1004472107780_1951,SELL,4420.45,4407.26,131.9,3,31.73,7.3,0,J:TP2到達
2026.09.04 16:39:45,B,600001,-1004472107780_1951,SELL,4420.45,4407.26,131.9,4,41.04,7.1,0,B:TP2到達
2026.09.04 16:39:48,K,600010,-1004472107780_1955,SELL,4413.07,4409.56,35.1,1,4.31,1.7,0,K:TP1_HIT(半数)
2026.09.04 16:39:48,K,600010,-1004472107780_1951,SELL,4420.59,4408.52,120.7,3,35.68,7.0,0,K:TP_HIT(全決済)
2026.09.04 16:39:49,E,600004,-1004472107780_1955,SELL,4414.06,4408.40,56.6,1,5.66,1.8,0,E:1.1倍水準到達
2026.09.04 16:43:00,I,600008,-1004472107780_1955,SELL,4413.39,4415.97,-25.8,1,-3.53,4.9,0,SL確定足突破
2026.09.04 16:43:00,O,600014,-1004472107780_1955,SELL,4413.04,4415.97,-29.3,1,-3.83,4.9,0,SL確定足突破
2026.09.04 16:45:02,L,600011,-1004472107780_1955,SELL,4419.76,4423.92,-41.6,10,-69.03,2.6,0,SL確定足突破
2026.09.04 16:45:03,O,600014,-1004472107780_1951,SELL,4420.45,4423.92,-34.7,3,-11.51,12.6,0,SL確定足突破
2026.09.04 16:45:03,N,600013,-1004472107780_1951,SELL,4420.45,4423.92,-34.7,2,-6.45,12.6,0,SL確定足突破
2026.09.04 16:45:04,I,600008,-1004472107780_1951,SELL,4420.45,4423.92,-34.7,3,-10.91,12.6,0,SL確定足突破
2026.09.04 16:47:00,G,600006,-1004472107780_1951,SELL,4420.45,4427.41,-69.6,2,-15.09,14.6,0,SL確定足突破
2026.09.04 16:47:02,L,600011,-1004472107780_1951,SELL,4420.59,4427.41,-68.2,7,-65.88,14.9,0,SL確定足突破
2026.09.04 16:51:46,F,600005,-1004472107780_1960,BUY,4426.14,4428.18,20.4,3,1.48,0.3,2,F:半数決済(+20p)
2026.09.04 16:51:57,N,600013,-1004472107780_1960,BUY,4425.90,4430.01,41.1,2,3.25,0.8,4,N:1段目(+40p)
2026.09.04 16:51:59,H,600007,-1004472107780_1960,BUY,4425.81,4430.01,42.0,3,3.33,0.6,3,H:TP1到達
2026.09.04 16:52:00,B,600001,-1004472107780_1960,BUY,4425.90,4430.01,41.1,3,3.93,0.8,3,B:TP1到達
2026.09.04 16:52:02,J,600009,-1004472107780_1960,BUY,4425.90,4430.01,41.1,3,4.94,0.9,3,J:TP1到達
2026.09.04 16:52:06,A,600000,-1004472107780_1960,BUY,4425.90,4430.01,41.1,6,16.63,0.9,0,A:TP1到達
2026.09.04 16:52:07,D,600003,-1004472107780_1960,BUY,4425.90,4430.01,41.1,3,6.21,0.9,3,D:TP1到達
2026.09.04 16:52:09,C,600002,-1004472107780_1960,BUY,4425.69,4430.01,43.2,3,10.14,0.7,3,C:TP1到達
2026.09.04 16:52:11,M,600012,-1004472107780_1960,BUY,4425.90,4430.01,41.1,3,7.70,1.0,3,C:TP1到達
2026.09.04 16:52:12,E,600004,-1004472107780_1960,BUY,4425.81,4430.74,49.3,0,0.00,0.0,6,E:建値移動(決済なし)
2026.09.04 16:52:13,G,600006,-1004472107780_1960,BUY,4426.03,4430.74,47.1,2,6.72,1.0,4,G:1段目(+40p)
2026.09.04 16:52:14,E,600004,-1004472107780_1960,BUY,4425.81,4430.78,49.7,3,10.18,0.9,3,E:1.1倍水準到達
2026.09.04 16:53:00,H,600007,-1004472107780_1960,BUY,4425.81,4425.57,-2.4,3,-1.55,1.5,0,SL確定足突破
2026.09.04 16:53:02,O,600014,-1004472107780_1960,BUY,4425.90,4425.57,-3.3,6,-6.09,1.7,0,SL確定足突破
2026.09.04 16:53:02,J,600009,-1004472107780_1960,BUY,4425.90,4425.57,-3.3,3,-2.49,1.7,0,SL確定足突破
2026.09.04 16:53:04,I,600008,-1004472107780_1960,BUY,4425.81,4425.57,-2.4,6,-12.17,1.6,0,SL確定足突破
2026.09.04 16:53:05,E,600004,-1004472107780_1960,BUY,4425.81,4425.57,-2.4,3,-3.45,1.5,0,SL確定足突破
2026.09.04 16:53:06,F,600005,-1004472107780_1960,BUY,4426.14,4425.57,-5.7,2,-1.32,1.5,0,SL確定足突破
2026.09.04 16:53:06,C,600002,-1004472107780_1960,BUY,4425.69,4425.57,-1.2,3,-2.54,1.5,0,SL確定足突破
2026.09.04 16:53:07,M,600012,-1004472107780_1960,BUY,4425.90,4425.57,-3.3,3,-2.50,1.8,0,SL確定足突破
2026.09.04 16:55:53,F,600005,-1004472107780_1964,BUY,4421.98,4424.05,20.7,1,2.58,0.9,0,F:半数決済(+20p)
2026.09.04 16:56:21,J,600009,-1004472107780_1964,BUY,4422.12,4426.12,40.0,1,4.00,1.4,0,J:TP1到達
2026.09.04 16:56:24,C,600002,-1004472107780_1964,BUY,4422.12,4426.12,40.0,1,4.30,1.4,0,C:TP1到達
2026.09.04 16:56:26,N,600013,-1004472107780_1964,BUY,4422.69,4426.72,40.3,1,4.05,1.4,0,N:1段目(+40p)
2026.09.04 16:56:29,A,600000,-1004472107780_1964,BUY,4422.69,4426.72,40.3,1,3.36,1.5,0,A:TP1到達
2026.09.04 16:56:32,G,600006,-1004472107780_1964,BUY,4422.54,4426.72,41.8,1,3.73,1.5,0,G:1段目(+40p)
2026.09.04 16:56:34,M,600012,-1004472107780_1964,BUY,4422.47,4426.72,42.5,1,4.04,1.6,0,C:TP1到達
2026.09.04 16:56:34,D,600003,-1004472107780_1964,BUY,4422.47,4426.72,42.5,1,3.50,1.6,0,D:TP1到達
2026.09.04 16:56:35,B,600001,-1004472107780_1964,BUY,4422.49,4426.72,42.3,1,3.33,1.6,0,B:TP1到達
2026.09.04 16:56:37,H,600007,-1004472107780_1964,BUY,4422.17,4426.72,45.5,1,3.77,1.6,0,H:TP1到達
2026.09.04 16:58:00,O,600014,-1004472107780_1964,BUY,4422.15,4420.47,-16.8,1,-1.97,3.1,0,SL確定足突破
2026.09.04 16:58:00,I,600008,-1004472107780_1964,BUY,4422.34,4420.47,-18.7,1,-2.16,3.1,0,SL確定足突破
2026.09.04 16:58:01,N,600013,-1004472107780_1960,BUY,4425.90,4420.47,-54.3,4,-28.34,6.7,0,SL確定足突破
2026.09.04 16:58:03,B,600001,-1004472107780_1960,BUY,4425.90,4420.47,-54.3,7,-41.56,6.0,0,SL確定足突破
2026.09.04 16:58:05,L,600011,-1004472107780_1960,BUY,4423.66,4420.47,-31.9,10,-71.54,6.3,0,SL確定足突破
2026.09.04 16:58:07,D,600003,-1004472107780_1960,BUY,4425.90,4420.47,-54.3,7,-45.85,6.1,0,SL確定足突破
2026.09.04 16:58:08,G,600006,-1004472107780_1960,BUY,4426.03,4420.47,-55.6,4,-29.99,6.8,0,SL確定足突破
2026.09.04 16:58:11,K,600010,-1004472107780_1960,BUY,4423.66,4420.47,-31.9,10,-66.49,6.3,0,SL確定足突破
2026.09.04 16:59:02,K,600010,-1004472107780_1964,BUY,4417.79,4414.34,-34.5,10,-64.44,1.4,0,SL確定足突破
2026.09.04 16:59:05,L,600011,-1004472107780_1964,BUY,4417.79,4414.34,-34.5,10,-67.43,1.5,0,SL確定足突破
2026.09.04 16:59:07,D,600003,-1004472107780_1964,BUY,4422.47,4414.34,-81.3,9,-55.07,1.2,0,SL確定足突破
2026.09.04 16:59:09,B,600001,-1004472107780_1964,BUY,4422.49,4414.34,-81.5,9,-54.33,1.2,0,SL確定足突破
2026.09.04 16:59:12,E,600004,-1004472107780_1964,BUY,4417.79,4414.34,-34.5,10,-59.99,1.6,0,SL確定足突破
2026.09.04 17:00:35,F,600005,-1004472107780_1968,BUY,4412.83,4415.30,24.7,1,0.99,0.7,1,F:半数決済(+20p)
2026.09.04 17:00:48,C,600002,-1004472107780_1968,BUY,4412.83,4417.01,41.8,1,3.13,0.8,1,C:TP1到達
2026.09.04 17:00:48,D,600003,-1004472107780_1968,BUY,4412.83,4417.01,41.8,1,2.93,0.9,1,D:TP1到達
2026.09.04 17:00:51,J,600009,-1004472107780_1968,BUY,4412.83,4417.01,41.8,1,2.58,0.9,1,J:TP1到達
2026.09.04 17:00:55,N,600013,-1004472107780_1968,BUY,4412.83,4417.01,41.8,1,2.69,1.0,1,N:1段目(+40p)
2026.09.04 17:00:57,E,600004,-1004472107780_1968,BUY,4412.83,4417.36,45.3,0,0.00,0.0,2,E:建値移動(決済なし)
2026.09.04 17:01:02,E,600004,-1004472107780_1968,BUY,4412.83,4417.90,50.7,1,3.87,1.1,1,E:1.1倍水準到達
2026.09.04 17:01:05,G,600006,-1004472107780_1968,BUY,4414.16,4418.17,40.1,1,4.01,1.1,0,G:1段目(+40p)
2026.09.04 17:01:05,B,600001,-1004472107780_1968,BUY,4414.14,4418.17,40.3,1,1.58,1.1,0,B:TP1到達
2026.09.04 17:01:08,M,600012,-1004472107780_1968,BUY,4414.15,4418.17,40.2,1,1.85,1.2,0,C:TP1到達
2026.09.04 17:01:11,H,600007,-1004472107780_1968,BUY,4414.03,4418.17,41.4,1,1.67,1.2,0,H:TP1到達
2026.09.04 17:02:09,D,600003,-1004472107780_1968,BUY,4412.83,4419.72,68.9,0,0.00,0.0,1,D:建値移動(決済なし)
2026.09.04 17:02:12,A,600000,-1004472107780_1968,BUY,4414.61,4419.72,51.1,1,0.88,2.3,0,A:TP1到達
2026.09.04 17:03:00,J,600009,-1004472107780_1968,BUY,4412.83,4414.80,19.7,1,1.93,2.8,0,SL確定足突破
2026.09.04 17:05:00,I,600008,-1004472107780_1968,BUY,4412.81,4421.03,82.2,1,6.98,5.0,1,I:TP1(半数)
2026.09.04 17:05:00,N,600013,-1004472107780_1968,BUY,4412.83,4421.03,82.0,1,7.83,4.8,0,N:2段目(+80p)
2026.09.04 17:05:09,E,600004,-1004472107780_1968,BUY,4412.83,4421.84,90.1,1,9.28,4.9,0,E:2.0倍水準到達
2026.09.04 17:05:50,O,600014,-1004472107780_1968,BUY,4412.83,4422.84,100.1,1,8.19,5.9,1,O:TP(+100p半数)
2026.09.04 17:07:51,C,600002,-1004472107780_1968,BUY,4412.83,4424.88,120.5,1,11.89,7.6,0,C:TP2到達
2026.09.04 17:07:51,D,600003,-1004472107780_1968,BUY,4412.83,4424.88,120.5,1,11.89,7.6,0,D:TP2到達
2026.09.04 17:07:52,F,600005,-1004472107780_1968,BUY,4412.83,4424.88,120.5,1,11.51,7.6,0,F:TP2到達
2026.09.04 17:13:24,I,600008,-1004472107780_1968,BUY,4412.81,4427.92,151.1,1,15.11,13.1,0,I:TP2(全決済)
2026.09.04 17:14:01,L,600011,-1004472107780_1968,BUY,4412.00,4432.59,205.9,2,38.13,13.9,2,L:半数確保(+200p)
2026.09.04 17:22:59,F,600005,-1004472107780_1974,BUY,4429.00,4431.25,22.5,2,2.26,0.7,2,F:半数決済(+20p)
2026.09.04 17:23:12,A,600000,-1004472107780_1974,BUY,4429.00,4433.17,41.7,4,12.37,0.7,0,A:TP1到達
2026.09.04 17:23:14,G,600006,-1004472107780_1974,BUY,4429.00,4433.17,41.7,2,4.62,0.9,2,G:1段目(+40p)
2026.09.04 17:23:15,D,600003,-1004472107780_1974,BUY,4429.00,4433.17,41.7,2,2.16,1.0,2,D:TP1到達
2026.09.04 17:23:19,J,600009,-1004472107780_1974,BUY,4429.00,4433.17,41.7,2,0.52,1.0,2,J:TP1到達
2026.09.04 17:23:21,C,600002,-1004472107780_1974,BUY,4429.00,4433.17,41.7,2,0.26,1.0,2,C:TP1到達
2026.09.04 17:23:23,H,600007,-1004472107780_1974,BUY,4429.00,4433.17,41.7,2,1.67,1.1,2,H:TP1到達
2026.09.04 17:23:23,B,600001,-1004472107780_1974,BUY,4429.00,4433.17,41.7,2,1.31,1.1,2,B:TP1到達
2026.09.04 17:23:27,M,600012,-1004472107780_1974,BUY,4429.00,4433.17,41.7,2,-0.31,1.2,2,C:TP1到達
2026.09.04 17:23:29,N,600013,-1004472107780_1974,BUY,4429.00,4433.17,41.7,1,-0.50,1.6,3,N:1段目(+40p)
2026.09.04 17:24:00,F,600005,-1004472107780_1974,BUY,4429.00,4429.06,0.6,2,0.42,1.2,0,SL確定足突破
2026.09.04 17:24:01,O,600014,-1004472107780_1974,BUY,4429.00,4429.06,0.6,4,-1.61,1.5,0,SL確定足突破
2026.09.04 17:24:01,J,600009,-1004472107780_1974,BUY,4429.00,4429.06,0.6,2,0.14,1.3,0,SL確定足突破
2026.09.04 17:24:02,C,600002,-1004472107780_1974,BUY,4429.00,4429.06,0.6,2,0.45,1.3,0,SL確定足突破
2026.09.04 17:24:03,H,600007,-1004472107780_1974,BUY,4429.00,4429.06,0.6,2,0.34,1.3,0,SL確定足突破
2026.09.04 17:24:04,I,600008,-1004472107780_1974,BUY,4429.00,4429.06,0.6,4,-1.58,1.5,0,SL確定足突破
2026.09.04 17:24:04,M,600012,-1004472107780_1974,BUY,4429.00,4429.06,0.6,2,-0.24,1.3,0,SL確定足突破
2026.09.04 17:25:02,E,600004,-1004472107780_1974,BUY,4426.94,4431.62,46.8,0,0.00,0.0,8,E:建値移動(決済なし)
2026.09.04 17:25:15,E,600004,-1004472107780_1974,BUY,4426.94,4432.12,51.8,4,14.97,2.7,4,E:1.1倍水準到達
2026.09.04 17:25:28,D,600003,-1004472107780_1974,BUY,4429.00,4435.07,60.7,0,0.00,0.0,6,D:建値移動(決済なし)
2026.09.04 17:25:34,E,600004,-1004472107780_1974,BUY,4426.94,4435.88,89.4,4,35.38,1.3,0,E:2.0倍水準到達
2026.09.04 17:25:45,G,600006,-1004472107780_1974,BUY,4429.00,4437.15,81.5,1,7.41,3.0,1,G:2段目(+80p)
2026.09.04 17:25:45,N,600013,-1004472107780_1974,BUY,4429.00,4437.15,81.5,1,7.11,3.1,2,N:2段目(+80p)
2026.09.04 17:27:32,K,600010,-1004472107780_1974,BUY,4426.94,4432.49,55.5,4,11.39,5.0,4,K:TP1_HIT(半数)
2026.09.04 17:27:33,K,600010,-1004472107780_1968,BUY,4412.00,4432.75,207.5,2,37.96,26.1,2,K:TP1_HIT(半数)
2026.09.04 17:27:34,K,600010,-1004472107780_1974,BUY,4426.94,4432.61,56.7,4,21.39,3.3,0,K:TP_HIT(全決済)
2026.09.04 17:27:35,K,600010,-1004472107780_1968,BUY,4412.00,4433.15,211.5,2,41.69,24.5,0,K:TP_HIT(全決済)
2026.09.04 17:30:01,D,600003,-1004472107780_1974,BUY,4429.00,4428.85,-1.5,6,6.63,6.2,0,SL確定足突破
2026.09.04 17:30:02,N,600013,-1004472107780_1974,BUY,4429.00,4428.85,-1.5,2,0.30,7.3,0,SL確定足突破
2026.09.04 17:35:21,B,600001,-1004472107780_1974,BUY,4429.00,4441.03,120.3,6,76.71,11.6,0,B:TP2到達
2026.09.04 17:53:00,G,600006,-1004472107780_1974,BUY,4429.00,4422.81,-61.9,1,-6.34,30.2,0,SL確定足突破
2026.09.04 17:53:02,L,600011,-1004472107780_1974,BUY,4426.94,4422.81,-41.3,8,-47.60,29.6,0,SL確定足突破
2026.09.04 19:51:18,F,600005,-1004472107780_1983,SELL,4440.34,4438.08,22.6,2,4.10,1.4,1,F:半数決済(+20p)
2026.09.04 19:54:59,H,600007,-1004472107780_1983,SELL,4440.21,4436.11,41.0,1,3.95,5.3,1,H:TP1到達
2026.09.04 19:54:59,B,600001,-1004472107780_1983,SELL,4440.13,4436.11,40.2,1,4.12,5.4,1,B:TP1到達
2026.09.04 19:55:02,J,600009,-1004472107780_1983,SELL,4440.07,4436.01,40.6,1,3.98,5.3,1,J:TP1到達
2026.09.04 19:55:04,A,600000,-1004472107780_1983,SELL,4440.09,4436.01,40.8,2,8.77,5.3,0,A:TP1到達
2026.09.04 19:55:07,N,600013,-1004472107780_1983,SELL,4440.09,4436.01,40.8,1,4.42,5.4,1,N:1段目(+40p)
2026.09.04 19:55:07,D,600003,-1004472107780_1983,SELL,4440.09,4436.01,40.8,1,4.23,5.5,1,D:TP1到達
2026.09.04 19:55:09,C,600002,-1004472107780_1983,SELL,4440.04,4436.01,40.3,1,4.33,5.5,1,C:TP1到達
2026.09.04 19:55:12,G,600006,-1004472107780_1983,SELL,4440.04,4436.01,40.3,1,3.98,5.5,1,G:1段目(+40p)
2026.09.04 19:55:16,M,600012,-1004472107780_1983,SELL,4440.05,4436.01,40.4,1,3.56,5.6,1,C:TP1到達
2026.09.04 19:56:44,E,600004,-1004472107780_1983,SELL,4439.97,4435.52,44.5,0,0.00,0.0,2,E:建値移動(決済なし)
2026.09.04 19:59:34,F,600005,-1004472107780_1986,SELL,4437.57,4435.49,20.8,2,3.95,2.0,1,F:半数決済(+20p)
2026.09.04 19:59:37,E,600004,-1004472107780_1983,SELL,4439.97,4435.07,49.0,1,4.90,10.0,1,E:1.1倍水準到達
2026.09.04 20:00:16,D,600003,-1004472107780_1983,SELL,4440.09,4433.91,61.8,0,0.00,0.0,1,D:建値移動(決済なし)
2026.09.04 20:00:38,A,600000,-1004472107780_1986,SELL,4437.78,4433.73,40.5,3,11.44,3.1,0,A:TP1到達
2026.09.04 20:00:40,J,600009,-1004472107780_1986,SELL,4437.77,4433.73,40.4,2,7.94,3.0,1,J:TP1到達
2026.09.04 20:00:43,M,600012,-1004472107780_1986,SELL,4437.77,4433.73,40.4,2,8.58,3.1,1,C:TP1到達
2026.09.04 20:00:46,N,600013,-1004472107780_1986,SELL,4437.70,4433.66,40.4,1,3.94,3.3,2,N:1段目(+40p)
2026.09.04 20:00:47,D,600003,-1004472107780_1986,SELL,4437.69,4433.66,40.3,1,3.59,3.3,1,D:TP1到達
2026.09.04 20:00:49,H,600007,-1004472107780_1986,SELL,4437.69,4433.66,40.3,2,7.23,3.1,1,H:TP1到達
2026.09.04 20:01:03,C,600002,-1004472107780_1986,SELL,4437.55,4433.42,41.3,2,8.16,3.3,1,C:TP1到達
2026.09.04 20:01:04,B,600001,-1004472107780_1986,SELL,4437.65,4433.42,42.3,2,8.19,3.5,1,B:TP1到達
2026.09.04 20:01:06,G,600006,-1004472107780_1986,SELL,4437.61,4433.42,41.9,1,4.16,3.6,2,G:1段目(+40p)
2026.09.04 20:01:10,E,600004,-1004472107780_1986,SELL,4437.82,4432.53,52.9,0,0.00,0.0,4,E:建値移動(決済なし)
2026.09.04 20:01:10,E,600004,-1004472107780_1986,SELL,4437.82,4432.46,53.6,2,10.57,3.5,2,E:1.1倍水準到達
2026.09.04 20:01:11,I,600008,-1004472107780_1983,SELL,4440.00,4432.46,75.4,1,7.99,11.6,1,I:TP1(半数)
2026.09.04 20:02:33,G,600006,-1004472107780_1983,SELL,4439.97,4431.86,81.1,1,8.01,12.4,0,G:2段目(+80p)
2026.09.04 20:02:40,D,600003,-1004472107780_1986,SELL,4437.69,4430.99,67.0,0,0.00,0.0,1,D:建値移動(決済なし)
2026.09.04 20:02:41,N,600013,-1004472107780_1983,SELL,4439.78,4430.99,87.9,1,8.70,12.7,0,N:2段目(+80p)
2026.09.04 20:02:41,E,600004,-1004472107780_1983,SELL,4439.97,4430.99,89.8,1,8.94,12.8,0,E:2.0倍水準到達
2026.09.04 20:19:00,I,600008,-1004472107780_1986,SELL,4437.62,4438.81,-11.9,3,-3.93,21.5,0,SL確定足突破
2026.09.04 20:19:01,C,600002,-1004472107780_1986,SELL,4437.55,4438.81,-12.6,1,-1.65,21.1,0,SL確定足突破
2026.09.04 20:19:01,F,600005,-1004472107780_1986,SELL,4437.57,4438.81,-12.4,1,-1.60,21.4,0,SL確定足突破
2026.09.04 20:19:01,J,600009,-1004472107780_1986,SELL,4437.77,4438.81,-10.4,1,-1.53,21.1,0,SL確定足突破
2026.09.04 20:19:01,M,600012,-1004472107780_1986,SELL,4437.77,4438.81,-10.4,1,-1.65,21.4,0,SL確定足突破
2026.09.04 20:19:02,E,600004,-1004472107780_1986,SELL,4437.82,4438.81,-9.9,2,-2.47,21.2,0,SL確定足突破
2026.09.04 20:19:02,D,600003,-1004472107780_1986,SELL,4437.69,4438.81,-11.2,1,-2.04,21.0,0,SL確定足突破
2026.09.04 20:19:02,H,600007,-1004472107780_1986,SELL,4437.69,4438.81,-11.2,1,-1.54,21.2,0,SL確定足突破
2026.09.04 20:19:02,O,600014,-1004472107780_1986,SELL,4437.61,4438.81,-12.0,1,-1.42,21.6,0,SL確定足突破
2026.09.04 20:19:03,J,600009,-1004472107780_1983,SELL,4440.07,4438.81,12.6,1,0.72,28.8,0,SL確定足突破
2026.09.04 20:26:20,H,600007,-1004472107780_1983,SELL,4440.21,4430.09,101.2,0,0.00,0.0,1,H:建値移動(決済なし)
2026.09.04 20:26:20,O,600014,-1004472107780_1983,SELL,4440.06,4430.00,100.6,1,10.06,36.7,1,O:TP(+100p半数)
2026.09.04 20:27:05,N,600013,-1004472107780_1986,SELL,4437.70,4429.64,80.6,1,7.86,29.3,1,N:2段目(+80p)
2026.09.04 20:29:01,G,600006,-1004472107780_1986,SELL,4437.35,4429.12,82.3,1,8.23,31.4,1,G:2段目(+80p)
2026.09.04 20:29:03,F,600005,-1004472107780_1983,SELL,4440.34,4428.23,121.1,1,11.82,38.9,0,F:TP2到達
2026.09.04 20:29:05,D,600003,-1004472107780_1983,SELL,4440.09,4427.92,121.7,1,12.09,39.1,0,D:TP2到達
2026.09.04 20:29:05,C,600002,-1004472107780_1983,SELL,4440.04,4427.92,121.2,1,12.11,39.4,0,C:TP2到達
2026.09.04 20:29:05,B,600001,-1004472107780_1983,SELL,4440.13,4427.92,122.1,1,12.09,39.2,0,B:TP2到達
2026.09.04 20:29:05,M,600012,-1004472107780_1983,SELL,4440.05,4427.92,121.3,1,12.06,38.9,0,C:TP2到達
2026.09.04 20:32:46,B,600001,-1004472107780_1986,SELL,4437.65,4425.56,120.9,1,11.80,35.0,0,B:TP2到達
2026.09.04 20:33:37,I,600008,-1004472107780_1983,SELL,4440.00,4424.99,150.1,1,15.01,43.7,0,I:TP2(全決済)
2026.09.04 20:39:24,N,600013,-1004472107780_1986,SELL,4437.70,4422.58,151.2,1,14.99,41.6,0,N:3段目(+150p)
2026.09.04 20:41:08,L,600011,-1004472107780_1983,SELL,4440.19,4420.15,200.4,1,19.87,51.5,1,L:半数確保(+200p)
2026.09.04 20:44:25,K,600010,-1004472107780_1986,SELL,4437.78,4419.43,183.5,1,18.32,46.9,1,K:TP1_HIT(半数)
2026.09.04 20:44:25,K,600010,-1004472107780_1983,SELL,4440.09,4419.46,206.3,1,20.60,54.8,1,K:TP1_HIT(半数)
2026.09.04 20:44:54,L,600011,-1004472107780_1986,SELL,4437.75,4417.10,206.5,1,20.92,47.4,1,L:半数確保(+200p)
2026.09.04 20:44:54,G,600006,-1004472107780_1986,SELL,4437.35,4417.10,202.5,1,20.52,47.2,0,G:3段目(+200p)
2026.09.04 21:02:00,O,600014,-1004472107780_1968,BUY,4412.83,4412.72,-1.1,1,0.20,241.8,0,SL確定足突破
2026.09.04 21:10:00,H,600007,-1004472107780_1983,SELL,4440.21,4417.83,223.8,1,22.22,80.0,0,SL確定足突破
2026.09.04 22:34:00,L,600011,-1004472107780_1986,SELL,4437.75,4437.60,1.5,1,-0.86,156.0,0,SL確定足突破
2026.09.04 23:56:59,K,600010,-1004472107780_1986,SELL,4437.00,4431.97,50.3,0,0.00,0.0,1,K:CLOSE_ALL
2026.09.04 23:56:59,K,600010,-1004472107780_1983,SELL,4440.00,4431.97,80.3,0,0.00,0.0,1,K:CLOSE_ALL
2026.09.04 23:56:59,K,600010,-1004472107780_1986,SELL,4437.00,4431.97,50.3,0,0.00,0.0,1,K:TP1_HIT(半数)
2026.09.04 23:56:59,K,600010,-1004472107780_1983,SELL,4440.00,4431.97,80.3,0,0.00,0.0,1,K:TP1_HIT(半数)
2026.09.04 23:56:59,K,600010,-1004472107780_1986,SELL,4437.00,4431.97,50.3,0,0.00,0.0,1,K:TP_HIT(全決済)
2026.09.04 23:56:59,K,600010,-1004472107780_1983,SELL,4440.00,4431.97,80.3,0,0.00,0.0,1,K:TP_HIT(全決済)
2026.09.04 23:56:59,K,600010,-1004472107780_1986,SELL,4437.00,4431.97,50.3,0,0.00,0.0,1,K:TP_HIT(全決済)
2026.09.04 23:56:59,K,600010,-1004472107780_1983,SELL,4440.00,4431.97,80.3,0,0.00,0.0,1,K:TP_HIT(全決済)
2026.09.04 23:56:59,K,600010,-1004472107780_1986,SELL,4437.00,4431.97,50.3,0,0.00,0.0,1,K:HIT_SL
2026.09.04 23:56:59,K,600010,-1004472107780_1983,SELL,4440.00,4431.97,80.3,0,0.00,0.0,1,K:HIT_SL
2026.09.04 23:56:59,K,600010,-1004472107780_1986,SELL,4437.00,4431.97,50.3,0,0.00,0.0,1,K:TP_HIT(全決済)
2026.09.04 23:56:59,K,600010,-1004472107780_1983,SELL,4440.00,4431.97,80.3,0,0.00,0.0,1,K:TP_HIT(全決済)
2026.09.04 23:56:59,K,600010,-1004472107780_1986,SELL,4437.00,4431.97,50.3,0,0.00,0.0,1,K:TP_HIT(全決済)
2026.09.04 23:56:59,K,600010,-1004472107780_1983,SELL,4440.00,4431.97,80.3,0,0.00,0.0,1,K:TP_HIT(全決済)
2026.09.04 23:56:59,K,600010,-1004472107780_1986,SELL,4437.00,4431.97,50.3,0,0.00,0.0,1,K:TP2_HIT(全決済)
2026.09.04 23:56:59,K,600010,-1004472107780_1983,SELL,4440.00,4431.97,80.3,0,0.00,0.0,1,K:TP2_HIT(全決済)
2026.09.04 23:56:59,K,600010,-1004472107780_1986,SELL,4437.00,4431.97,50.3,0,0.00,0.0,1,K:TP_HIT(全決済)
2026.09.04 23:56:59,K,600010,-1004472107780_1983,SELL,4440.00,4431.97,80.3,0,0.00,0.0,1,K:TP_HIT(全決済)
2026.09.04 23:56:59,K,600010,-1004472107780_1986,SELL,4437.00,4431.97,50.3,0,0.00,0.0,1,K:TP_HIT(全決済)
2026.09.04 23:56:59,K,600010,-1004472107780_1983,SELL,4440.00,4431.97,80.3,0,0.00,0.0,1,K:TP_HIT(全決済)
2026.09.04 23:56:59,K,600010,-1004472107780_1986,SELL,4437.00,4431.97,50.3,0,0.00,0.0,1,K:TP_HIT(全決済)
2026.09.04 23:56:59,K,600010,-1004472107780_1983,SELL,4440.00,4431.97,80.3,0,0.00,0.0,1,K:TP_HIT(全決済)
2026.09.04 23:56:59,K,600010,-1004472107780_1986,SELL,4437.00,4431.97,50.3,0,0.00,0.0,1,K:TP_HIT(全決済)
2026.09.04 23:56:59,K,600010,-1004472107780_1983,SELL,4440.00,4431.97,80.3,0,0.00,0.0,1,K:TP_HIT(全決済)
2026.09.04 23:56:59,K,600010,-1004472107780_1986,SELL,4437.00,4431.97,50.3,0,0.00,0.0,1,K:TP_HIT(全決済)
2026.09.04 23:56:59,K,600010,-1004472107780_1983,SELL,4440.00,4431.97,80.3,0,0.00,0.0,1,K:TP_HIT(全決済)
2026.09.04 23:56:59,K,600010,-1004472107780_1986,SELL,4437.00,4431.97,50.3,0,0.00,0.0,1,K:TP_HIT(全決済)
2026.09.04 23:56:59,K,600010,-1004472107780_1983,SELL,4440.00,4431.97,80.3,0,0.00,0.0,1,K:TP_HIT(全決済)
2026.09.04 23:56:59,L,600011,-1004472107780_1968,BUY,4412.00,4431.40,194.0,0,0.00,0.0,2,L:1段目
2026.09.07 01:24:06,O,600014,-1004472107780_1983,SELL,4440.00,4429.07,109.3,1,11.34,3214.2,0,O:TP(+100p半数)
2026.09.07 09:02:56,F,600005,-1004472107780_2004,BUY,4390.58,4392.63,20.5,1,2.06,0.9,1,F:半数決済(+20p)
2026.09.07 09:05:01,R,600017,-1004472107780_2004,BUY,4385.49,4387.75,22.6,7,-9.45,1.5,5,個別建値決済
2026.09.07 09:05:02,F,600005,-1004472107780_2004,BUY,4390.58,4387.75,-28.3,1,-2.47,2.5,0,個別建値決済
2026.09.07 09:05:57,J,600009,-1004472107780_2004,BUY,4385.49,4389.66,41.7,6,2.80,2.5,6,J:TP1到達
2026.09.07 09:05:58,C,600002,-1004472107780_2004,BUY,4385.49,4389.66,41.7,6,1.24,2.5,6,C:TP1到達
2026.09.07 09:05:59,G,600006,-1004472107780_2004,BUY,4385.49,4389.66,41.7,4,-3.61,2.9,8,G:1段目(+40p)
2026.09.07 09:06:01,H,600007,-1004472107780_2004,BUY,4385.49,4389.66,41.7,6,-2.86,2.8,6,H:TP1到達
2026.09.07 09:06:01,I,600008,-1004472107780_2004,BUY,4385.49,4389.13,36.4,4,-2.11,3.0,8,個別建値決済
2026.09.07 09:06:14,E,600004,-1004472107780_2004,BUY,4385.49,4390.02,45.3,0,0.00,0.0,12,E:建値移動(決済なし)
2026.09.07 09:07:00,I,600008,-1004472107780_2004,BUY,4385.49,4388.06,25.7,2,-1.80,2.9,6,個別建値決済
2026.09.07 09:07:02,E,600004,-1004472107780_2004,BUY,4385.49,4388.06,25.7,6,-14.90,3.6,6,個別建値決済
2026.09.07 09:08:00,I,600008,-1004472107780_2004,BUY,4385.49,4387.51,20.2,1,-0.40,3.9,5,個別建値決済
2026.09.07 09:08:00,J,600009,-1004472107780_2004,BUY,4385.49,4387.51,20.2,1,-0.37,3.9,5,個別建値決済
2026.09.07 09:08:00,C,600002,-1004472107780_2004,BUY,4385.49,4387.51,20.2,1,-0.25,3.9,5,個別建値決済
2026.09.07 09:08:00,E,600004,-1004472107780_2004,BUY,4385.49,4387.51,20.2,1,-0.25,3.9,5,個別建値決済
2026.09.07 09:08:01,H,600007,-1004472107780_2004,BUY,4385.49,4387.51,20.2,1,-0.46,3.9,5,個別建値決済
2026.09.07 09:09:00,I,600008,-1004472107780_2004,BUY,4385.49,4387.36,18.7,1,-0.46,4.7,4,個別建値決済
2026.09.07 09:09:00,J,600009,-1004472107780_2004,BUY,4385.49,4387.36,18.7,1,-0.37,4.7,4,個別建値決済
2026.09.07 09:09:00,C,600002,-1004472107780_2004,BUY,4385.49,4387.36,18.7,1,-0.43,4.7,4,個別建値決済
2026.09.07 09:09:00,R,600017,-1004472107780_2004,BUY,4385.49,4387.36,18.7,1,-0.43,4.7,4,個別建値決済
2026.09.07 09:09:01,E,600004,-1004472107780_2004,BUY,4385.49,4387.36,18.7,1,-0.70,4.7,4,個別建値決済
2026.09.07 09:09:01,H,600007,-1004472107780_2004,BUY,4385.49,4387.36,18.7,1,-0.79,4.7,4,個別建値決済
2026.09.07 09:09:53,E,600004,-1004472107780_2004,BUY,4385.49,4390.52,50.3,2,7.64,5.6,2,E:1.1倍水準到達
2026.09.07 09:10:00,P,600015,-1004472107780_2004,BUY,4385.49,4389.41,39.2,2,-3.19,7.8,10,個別建値決済
2026.09.07 09:10:01,T,600019,-1004472107780_2004,BUY,4385.49,4389.41,39.2,2,-3.29,7.8,10,個別建値決済
2026.09.07 09:10:01,S,600018,-1004472107780_2004,BUY,4385.49,4389.41,39.2,2,-3.73,7.8,10,個別建値決済
2026.09.07 09:10:01,Q,600016,-1004472107780_2004,BUY,4385.49,4389.41,39.2,2,-2.73,7.8,10,個別建値決済
2026.09.07 09:11:31,P,600015,-1004472107780_2004,BUY,4385.49,4388.72,32.3,3,0.40,7.5,7,個別建値決済
2026.09.07 09:11:32,T,600019,-1004472107780_2004,BUY,4385.49,4388.72,32.3,3,0.50,7.5,7,個別建値決済
2026.09.07 09:11:32,S,600018,-1004472107780_2004,BUY,4385.49,4388.72,32.3,3,0.42,7.5,7,個別建値決済
2026.09.07 09:11:33,Q,600016,-1004472107780_2004,BUY,4385.49,4388.72,32.3,3,0.26,7.5,7,個別建値決済
2026.09.07 09:11:40,F,600005,-1004472107780_2010,BUY,4387.65,4389.79,21.4,2,1.59,0.6,2,F:半数決済(+20p)
2026.09.07 09:12:05,C,600002,-1004472107780_2010,BUY,4387.65,4391.78,41.3,2,6.20,1.0,1,C:TP1到達
2026.09.07 09:12:07,G,600006,-1004472107780_2010,BUY,4387.65,4391.78,41.3,1,2.49,1.3,2,G:1段目(+40p)
2026.09.07 09:12:10,J,600009,-1004472107780_2010,BUY,4387.87,4391.88,40.1,2,5.91,1.2,1,J:TP1到達
2026.09.07 09:12:19,E,600004,-1004472107780_2010,BUY,4387.87,4392.27,44.0,0,0.00,0.0,3,E:建値移動(決済なし)
2026.09.07 09:12:21,H,600007,-1004472107780_2010,BUY,4388.19,4392.27,40.8,2,7.96,1.2,1,H:TP1到達
2026.09.07 09:12:22,E,600004,-1004472107780_2010,BUY,4387.87,4393.02,51.5,2,8.02,1.4,1,E:1.1倍水準到達
2026.09.07 09:12:31,I,600008,-1004472107780_2004,BUY,4385.49,4393.02,75.3,2,10.96,8.2,2,I:TP1(半数)
2026.09.07 09:12:32,R,600017,-1004472107780_2004,BUY,4385.49,4393.02,75.3,2,10.82,8.2,2,R:半数決済
2026.09.07 09:13:27,T,600019,-1004472107780_2004,BUY,4385.49,4393.51,80.2,4,23.11,9.3,3,T:半数決済
2026.09.07 09:13:29,G,600006,-1004472107780_2004,BUY,4385.49,4393.51,80.2,4,20.81,9.3,4,G:2段目(+80p)
2026.09.07 09:16:25,E,600004,-1004472107780_2004,BUY,4385.49,4394.33,88.4,2,16.33,12.0,0,E:2.0倍水準到達
2026.09.07 09:18:29,R,600017,-1004472107780_2010,BUY,4387.87,4395.43,75.6,2,13.23,7.6,1,R:半数決済
2026.09.07 09:18:30,P,600015,-1004472107780_2004,BUY,4385.49,4395.49,100.0,4,30.67,14.3,3,P:半数決済
2026.09.07 09:18:31,S,600018,-1004472107780_2004,BUY,4385.49,4395.49,100.0,3,21.77,14.3,4,S:1段目
2026.09.07 09:18:31,H,600007,-1004472107780_2004,BUY,4385.49,4395.49,100.0,0,0.00,0.0,4,H:建値移動(決済なし)
2026.09.07 09:19:05,I,600008,-1004472107780_2010,BUY,4388.09,4395.60,75.1,2,13.55,8.1,1,I:TP1(半数)
2026.09.07 09:19:08,T,600019,-1004472107780_2010,BUY,4387.87,4395.96,80.9,2,13.81,8.2,1,T:半数決済
2026.09.07 09:19:08,G,600006,-1004472107780_2010,BUY,4387.65,4395.96,83.1,1,7.33,7.9,1,G:2段目(+80p)
2026.09.07 09:24:43,E,600004,-1004472107780_2010,BUY,4387.87,4396.71,88.4,1,8.84,13.6,0,E:2.0倍水準到達
2026.09.07 09:24:52,J,600009,-1004472107780_2004,BUY,4385.49,4397.78,122.9,4,47.30,20.5,0,J:TP2到達
2026.09.07 09:24:53,C,600002,-1004472107780_2004,BUY,4385.49,4397.78,122.9,4,45.83,20.5,0,C:TP2到達
2026.09.07 09:24:54,Q,600016,-1004472107780_2004,BUY,4385.49,4397.78,122.9,4,39.88,20.7,3,Q:半数決済
2026.09.07 09:25:03,S,600018,-1004472107780_2010,BUY,4387.86,4397.91,100.5,1,8.37,14.2,2,S:1段目
2026.09.07 09:25:04,P,600015,-1004472107780_2010,BUY,4388.00,4398.09,100.9,2,18.78,14.0,1,P:半数決済
2026.09.07 09:27:57,K,600010,-1004472107780_2010,BUY,4387.72,4396.79,90.7,2,15.91,16.8,1,K:TP1_HIT(半数)
2026.09.07 09:27:59,K,600010,-1004472107780_2004,BUY,4385.49,4396.84,113.5,6,43.36,24.5,6,K:TP1_HIT(半数)
2026.09.07 09:33:12,F,600005,-1004472107780_2016,BUY,4394.30,4396.35,20.5,1,1.62,2.5,1,F:半数決済(+20p)
2026.09.07 09:35:38,H,600007,-1004472107780_2010,BUY,4388.19,4398.27,100.8,0,0.00,0.0,1,H:建値移動(決済なし)
2026.09.07 09:35:41,H,600007,-1004472107780_2016,BUY,4394.33,4398.34,40.1,1,4.10,5.0,1,H:TP1到達
2026.09.07 09:35:44,M,600012,-1004472107780_2016,BUY,4394.33,4398.34,40.1,1,4.24,5.0,1,C:TP1到達
2026.09.07 09:35:47,J,600009,-1004472107780_2016,BUY,4394.33,4398.34,40.1,1,4.00,5.1,1,J:TP1到達
2026.09.07 09:40:35,C,600002,-1004472107780_2016,BUY,4394.38,4398.44,40.6,1,4.08,9.9,1,C:TP1到達
2026.09.07 09:40:38,G,600006,-1004472107780_2016,BUY,4394.49,4398.71,42.2,1,4.07,9.9,1,G:1段目(+40p)
2026.09.07 09:41:46,E,600004,-1004472107780_2016,BUY,4394.41,4398.98,45.7,0,0.00,0.0,2,E:建値移動(決済なし)
2026.09.07 09:42:38,E,600004,-1004472107780_2016,BUY,4394.41,4399.63,52.2,1,4.86,12.0,1,E:1.1倍水準到達
2026.09.07 09:42:38,C,600002,-1004472107780_2010,BUY,4387.65,4399.78,121.3,1,11.99,31.4,0,C:TP2到達
2026.09.07 09:42:39,F,600005,-1004472107780_2010,BUY,4387.65,4399.78,121.3,2,23.77,31.4,0,F:TP2到達
2026.09.07 09:56:00,H,600007,-1004472107780_2016,BUY,4394.33,4393.69,-6.4,1,-0.50,24.6,0,個別建値決済
2026.09.07 09:56:00,M,600012,-1004472107780_2016,BUY,4394.33,4393.69,-6.4,1,-0.50,24.6,0,個別建値決済
2026.09.07 09:56:00,C,600002,-1004472107780_2016,BUY,4394.38,4393.69,-6.9,1,-0.47,24.6,0,個別建値決済
2026.09.07 09:56:01,R,600017,-1004472107780_2016,BUY,4394.47,4393.69,-7.8,2,-1.05,25.3,0,個別建値決済
2026.09.07 09:56:01,J,600009,-1004472107780_2016,BUY,4394.33,4393.69,-6.4,1,-0.38,25.3,0,個別建値決済
2026.09.07 09:56:02,I,600008,-1004472107780_2016,BUY,4394.46,4393.69,-7.7,2,-1.07,25.3,0,個別建値決済
2026.09.07 09:56:02,S,600018,-1004472107780_2016,BUY,4394.49,4393.69,-8.0,2,-1.22,25.0,0,個別建値決済
2026.09.07 09:56:02,Q,600016,-1004472107780_2016,BUY,4394.66,4393.69,-9.7,2,-1.20,25.2,0,個別建値決済
2026.09.07 09:56:03,P,600015,-1004472107780_2016,BUY,4394.49,4393.69,-8.0,2,-1.10,25.0,0,個別建値決済
2026.09.07 09:56:03,F,600005,-1004472107780_2016,BUY,4394.30,4393.69,-6.1,1,-0.26,25.1,0,個別建値決済
2026.09.07 09:56:03,E,600004,-1004472107780_2016,BUY,4394.41,4393.69,-7.2,1,-0.35,25.2,0,個別建値決済
2026.09.07 09:56:03,T,600019,-1004472107780_2016,BUY,4394.46,4393.69,-7.7,2,-1.07,25.3,0,個別建値決済
2026.09.07 10:04:40,Q,600016,-1004472107780_2010,BUY,4387.87,4400.06,121.9,2,22.49,53.7,1,Q:半数決済
2026.09.07 10:04:40,J,600009,-1004472107780_2010,BUY,4387.87,4400.06,121.9,1,12.25,53.5,0,J:TP2到達
2026.09.07 10:04:41,I,600008,-1004472107780_2004,BUY,4385.49,4400.75,152.6,2,30.78,60.2,0,I:TP2(全決済)
2026.09.07 10:04:42,U,600020,-1004472107780_2004,BUY,4385.49,4400.75,152.6,6,65.89,61.2,6,U:半数決済
2026.09.07 10:04:43,R,600017,-1004472107780_2004,BUY,4385.49,4400.75,152.6,2,29.66,60.3,0,R:全決済
2026.09.07 10:06:51,T,600019,-1004472107780_2004,BUY,4385.49,4401.51,160.2,3,46.08,62.4,0,T:全決済
2026.09.07 10:08:13,K,600010,-1004472107780_2016,BUY,4394.33,4398.86,45.3,1,4.65,37.5,1,K:TP1_HIT(半数)
2026.09.07 10:08:13,K,600010,-1004472107780_2010,BUY,4387.72,4398.98,112.6,1,11.46,56.8,0,K:TP_HIT(全決済)
2026.09.07 10:08:13,K,600010,-1004472107780_2004,BUY,4385.49,4399.18,136.9,6,73.88,63.9,0,K:TP_HIT(全決済)
2026.09.07 10:08:24,K,600010,-1004472107780_2016,BUY,4394.33,4398.85,45.2,1,4.36,37.5,0,K:TP_HIT(全決済)
2026.09.07 10:34:00,U,600020,-1004472107780_2016,BUY,4394.49,4394.60,1.1,1,-0.20,63.4,1,個別建値決済
2026.09.07 10:42:00,U,600020,-1004472107780_2016,BUY,4394.49,4393.64,-8.5,1,-1.03,70.6,0,個別建値決済
2026.09.07 10:42:00,Q,600016,-1004472107780_2010,BUY,4387.87,4393.64,57.7,1,5.59,90.8,0,SL確定足突破
2026.09.07 10:42:01,Q,600016,-1004472107780_2004,BUY,4385.49,4393.64,81.5,3,22.61,97.6,0,SL確定足突破
2026.09.07 10:55:47,G,600006,-1004472107780_2016,BUY,4394.49,4402.95,84.6,1,8.38,84.4,0,G:2段目(+80p)
2026.09.07 10:55:48,R,600017,-1004472107780_2010,BUY,4387.87,4402.95,150.8,1,16.15,104.7,0,R:全決済
2026.09.07 10:55:48,I,600008,-1004472107780_2010,BUY,4388.09,4404.02,159.3,1,15.93,104.7,0,I:TP2(全決済)
2026.09.07 10:55:48,T,600019,-1004472107780_2010,BUY,4387.87,4404.02,161.5,1,16.13,104.7,0,T:全決済
2026.09.07 10:55:49,U,600020,-1004472107780_2010,BUY,4388.01,4404.02,160.1,2,31.23,104.8,1,U:半数決済
2026.09.07 10:55:51,P,600015,-1004472107780_2004,BUY,4385.49,4405.77,202.8,3,58.75,111.4,0,P:全決済
2026.09.07 10:55:52,S,600018,-1004472107780_2004,BUY,4385.49,4405.77,202.8,2,37.57,111.6,2,S:2段目
2026.09.07 10:55:53,G,600006,-1004472107780_2004,BUY,4385.49,4405.77,202.8,4,74.96,111.5,0,G:3段目(+200p)
2026.09.07 11:00:39,G,600006,-1004472107780_2010,BUY,4387.65,4407.65,200.0,1,20.26,109.4,0,G:3段目(+200p)
2026.09.07 11:00:39,S,600018,-1004472107780_2010,BUY,4387.86,4407.91,200.5,1,19.74,109.2,1,S:2段目
2026.09.07 11:00:40,P,600015,-1004472107780_2010,BUY,4388.00,4408.01,200.1,1,20.01,109.3,0,P:全決済
2026.09.07 11:04:32,F,600005,-1004472107780_2025,SELL,4415.61,4413.54,20.7,6,2.92,1.5,6,F:半数決済(+20p)
2026.09.07 11:05:00,R,600017,-1004472107780_2025,SELL,4415.61,4412.44,31.7,1,-0.99,2.5,11,個別建値決済
2026.09.07 11:07:17,H,600007,-1004472107780_2025,SELL,4415.61,4411.42,41.9,6,13.20,4.4,6,H:TP1到達
2026.09.07 11:07:18,G,600006,-1004472107780_2025,SELL,4415.61,4411.42,41.9,4,6.97,4.4,8,G:1段目(+40p)
2026.09.07 11:07:20,C,600002,-1004472107780_2025,SELL,4415.61,4411.42,41.9,6,12.98,4.5,6,C:TP1到達
2026.09.07 11:07:21,J,600009,-1004472107780_2025,SELL,4415.61,4411.42,41.9,6,7.41,4.6,6,J:TP1到達
2026.09.07 11:07:21,E,600004,-1004472107780_2025,SELL,4415.61,4410.57,50.4,0,0.00,0.0,12,E:建値移動(決済なし)
2026.09.07 11:07:23,E,600004,-1004472107780_2025,SELL,4415.61,4410.71,49.0,6,9.66,4.7,6,E:1.1倍水準到達
2026.09.07 11:08:00,Q,600016,-1004472107780_2025,SELL,4415.61,4412.34,32.7,1,-1.36,5.5,11,個別建値決済
2026.09.07 11:08:01,I,600008,-1004472107780_2025,SELL,4415.61,4412.34,32.7,5,-4.76,5.5,7,個別建値決済
2026.09.07 11:08:02,S,600018,-1004472107780_2025,SELL,4415.61,4412.34,32.7,5,-1.87,5.3,7,個別建値決済
2026.09.07 11:08:03,T,600019,-1004472107780_2025,SELL,4415.61,4412.34,32.7,1,-0.64,5.6,11,個別建値決済
2026.09.07 11:08:04,P,600015,-1004472107780_2025,SELL,4415.61,4412.34,32.7,4,-3.43,5.5,8,個別建値決済
2026.09.07 11:10:01,R,600017,-1004472107780_2025,SELL,4415.61,4413.86,17.5,7,-7.71,7.3,4,個別建値決済
2026.09.07 11:10:02,I,600008,-1004472107780_2025,SELL,4415.61,4413.86,17.5,3,-2.73,7.2,4,個別建値決済
2026.09.07 11:10:03,H,600007,-1004472107780_2025,SELL,4415.61,4413.86,17.5,2,-0.70,7.1,4,個別建値決済
2026.09.07 11:10:04,S,600018,-1004472107780_2025,SELL,4415.61,4413.86,17.5,3,-2.90,7.2,4,個別建値決済
2026.09.07 11:10:05,T,600019,-1004472107780_2025,SELL,4415.61,4413.86,17.5,7,-9.05,7.2,4,個別建値決済
2026.09.07 11:10:06,E,600004,-1004472107780_2025,SELL,4415.61,4413.86,17.5,2,-1.82,7.2,4,個別建値決済
2026.09.07 11:10:07,P,600015,-1004472107780_2025,SELL,4415.61,4413.86,17.5,4,-5.20,7.4,4,個別建値決済
2026.09.07 11:10:07,C,600002,-1004472107780_2025,SELL,4415.61,4413.86,17.5,2,-0.60,7.2,4,個別建値決済
2026.09.07 11:10:08,J,600009,-1004472107780_2025,SELL,4415.61,4413.86,17.5,2,-1.19,7.2,4,個別建値決済
2026.09.07 11:12:01,Q,600016,-1004472107780_2025,SELL,4415.61,4414.72,8.9,5,-2.24,8.9,6,個別建値決済
2026.09.07 11:12:02,R,600017,-1004472107780_2025,SELL,4415.61,4414.72,8.9,2,-1.21,9.0,2,個別建値決済
2026.09.07 11:12:03,F,600005,-1004472107780_2025,SELL,4415.61,4414.72,8.9,4,-1.85,8.9,2,個別建値決済
2026.09.07 11:12:04,I,600008,-1004472107780_2025,SELL,4415.61,4414.72,8.9,2,-1.01,9.0,2,個別建値決済
2026.09.07 11:12:04,H,600007,-1004472107780_2025,SELL,4415.61,4414.72,8.9,2,-1.51,9.0,2,個別建値決済
2026.09.07 11:12:05,S,600018,-1004472107780_2025,SELL,4415.61,4414.72,8.9,2,-1.41,9.0,2,個別建値決済
2026.09.07 11:12:05,T,600019,-1004472107780_2025,SELL,4415.61,4414.72,8.9,2,-1.53,9.0,2,個別建値決済
2026.09.07 11:12:06,E,600004,-1004472107780_2025,SELL,4415.61,4414.72,8.9,2,-2.39,9.1,2,個別建値決済
2026.09.07 11:12:06,P,600015,-1004472107780_2025,SELL,4415.61,4414.72,8.9,2,-2.38,9.1,2,個別建値決済
2026.09.07 11:12:07,C,600002,-1004472107780_2025,SELL,4415.61,4414.72,8.9,2,-2.21,9.1,2,個別建値決済
2026.09.07 11:12:07,J,600009,-1004472107780_2025,SELL,4415.61,4414.72,8.9,2,-1.75,9.1,2,個別建値決済
2026.09.07 11:12:18,F,600005,-1004472107780_2031,SELL,4416.22,4413.91,23.1,3,3.39,1.5,2,F:半数決済(+20p)
2026.09.07 11:14:00,F,600005,-1004472107780_2031,SELL,4416.22,4416.74,-5.2,2,-1.85,1.8,0,個別建値決済
2026.09.07 11:14:01,Q,600016,-1004472107780_2025,SELL,4415.61,4416.74,-11.3,6,-11.88,10.9,0,個別建値決済
2026.09.07 11:14:02,R,600017,-1004472107780_2025,SELL,4415.61,4416.74,-11.3,2,-3.05,10.9,0,個別建値決済
2026.09.07 11:14:03,F,600005,-1004472107780_2025,SELL,4415.61,4416.74,-11.3,2,-3.05,10.9,0,個別建値決済
2026.09.07 11:14:03,I,600008,-1004472107780_2025,SELL,4415.61,4416.74,-11.3,2,-3.43,10.9,0,個別建値決済
2026.09.07 11:14:04,H,600007,-1004472107780_2025,SELL,4415.61,4416.74,-11.3,2,-3.20,10.9,0,個別建値決済
2026.09.07 11:14:04,S,600018,-1004472107780_2025,SELL,4415.61,4416.74,-11.3,2,-2.89,10.9,0,個別建値決済
2026.09.07 11:14:05,T,600019,-1004472107780_2025,SELL,4415.61,4416.74,-11.3,2,-2.96,10.9,0,個別建値決済
2026.09.07 11:14:05,E,600004,-1004472107780_2025,SELL,4415.61,4416.74,-11.3,2,-3.01,10.9,0,個別建値決済
2026.09.07 11:14:06,P,600015,-1004472107780_2025,SELL,4415.61,4416.74,-11.3,2,-2.94,10.9,0,個別建値決済
2026.09.07 11:14:07,C,600002,-1004472107780_2025,SELL,4415.61,4416.74,-11.3,2,-2.60,10.9,0,個別建値決済
2026.09.07 11:14:07,J,600009,-1004472107780_2025,SELL,4415.61,4416.74,-11.3,2,-2.45,10.9,0,個別建値決済
2026.09.07 11:16:03,U,600020,-1004472107780_2025,SELL,4415.61,4419.42,-38.1,12,-75.78,13.2,0,SL確定足突破
2026.09.07 11:16:07,K,600010,-1004472107780_2025,SELL,4415.61,4419.42,-38.1,12,-64.22,13.1,0,SL確定足突破
2026.09.07 11:16:09,G,600006,-1004472107780_2025,SELL,4415.61,4419.42,-38.1,8,-42.53,13.1,0,SL確定足突破
2026.09.07 11:19:03,I,600008,-1004472107780_2031,SELL,4419.51,4421.88,-23.7,12,-57.89,5.7,0,SL確定足突破
2026.09.07 11:19:06,R,600017,-1004472107780_2031,SELL,4419.51,4421.88,-23.7,12,-57.29,5.7,0,SL確定足突破
2026.09.07 11:19:09,P,600015,-1004472107780_2031,SELL,4419.51,4421.88,-23.7,12,-61.32,5.8,0,SL確定足突破
2026.09.07 11:19:12,H,600007,-1004472107780_2031,SELL,4419.51,4421.88,-23.7,12,-64.42,5.9,0,SL確定足突破
2026.09.07 11:19:15,C,600002,-1004472107780_2031,SELL,4419.51,4421.88,-23.7,12,-68.40,5.9,0,SL確定足突破
2026.09.07 11:19:18,E,600004,-1004472107780_2031,SELL,4419.51,4421.88,-23.7,12,-77.97,6.0,0,SL確定足突破
2026.09.07 11:19:21,U,600020,-1004472107780_2031,SELL,4419.51,4421.88,-23.7,12,-80.71,6.0,0,SL確定足突破
2026.09.07 11:19:25,J,600009,-1004472107780_2031,SELL,4419.51,4421.88,-23.7,12,-79.88,6.1,0,SL確定足突破
2026.09.07 11:19:28,T,600019,-1004472107780_2031,SELL,4419.51,4421.88,-23.7,12,-79.76,6.1,0,SL確定足突破
2026.09.07 11:19:31,G,600006,-1004472107780_2031,SELL,4419.51,4421.88,-23.7,12,-80.12,6.2,0,SL確定足突破
2026.09.07 11:19:34,Q,600016,-1004472107780_2031,SELL,4419.51,4421.88,-23.7,12,-78.71,6.3,0,SL確定足突破
2026.09.07 11:19:37,S,600018,-1004472107780_2031,SELL,4419.51,4421.88,-23.7,12,-74.11,6.3,0,SL確定足突破
2026.09.07 11:23:03,K,600010,-1004472107780_2031,SELL,4419.57,4421.03,-14.6,12,-50.11,9.8,0,K:CLOSE_ALL
2026.09.07 11:46:00,S,600018,-1004472107780_2010,BUY,4387.86,4413.75,258.9,1,25.93,154.5,0,SL確定足突破
2026.09.07 11:46:00,S,600018,-1004472107780_2004,BUY,4385.49,4413.75,282.6,2,55.86,161.6,0,SL確定足突破
2026.09.07 12:00:14,F,600005,-1004472107780_2047,BUY,4410.41,4412.46,20.5,1,2.04,1.9,1,F:半数決済(+20p)
2026.09.07 12:17:00,R,600017,-1004472107780_2047,BUY,4410.48,4410.33,-1.5,2,-0.53,18.4,0,個別建値決済
2026.09.07 12:17:00,F,600005,-1004472107780_2047,BUY,4410.41,4410.33,-0.8,1,-0.22,18.7,0,個別建値決済
2026.09.07 13:08:01,J,600009,-1004472107780_2047,BUY,4410.24,4403.21,-70.3,2,-14.70,69.6,0,SL確定足突破
2026.09.07 13:08:01,E,600004,-1004472107780_2047,BUY,4410.38,4403.21,-71.7,2,-14.85,69.5,0,SL確定足突破
2026.09.07 13:08:02,C,600002,-1004472107780_2047,BUY,4410.45,4403.21,-72.4,2,-15.16,69.6,0,SL確定足突破
2026.09.07 13:08:02,G,600006,-1004472107780_2047,BUY,4410.48,4403.21,-72.7,2,-15.37,69.7,0,SL確定足突破
2026.09.07 13:08:03,S,600018,-1004472107780_2047,BUY,4410.47,4403.21,-72.6,2,-15.10,69.5,0,SL確定足突破
2026.09.07 13:08:03,U,600020,-1004472107780_2047,BUY,4410.37,4403.21,-71.6,2,-15.14,69.5,0,SL確定足突破
2026.09.07 13:08:04,K,600010,-1004472107780_2047,BUY,4410.33,4403.21,-71.2,2,-15.02,69.6,0,SL確定足突破
2026.09.07 13:08:04,P,600015,-1004472107780_2047,BUY,4410.29,4403.21,-70.8,2,-14.93,69.7,0,SL確定足突破
2026.09.07 13:08:05,T,600019,-1004472107780_2047,BUY,4410.22,4403.21,-70.1,2,-14.99,69.6,0,SL確定足突破
2026.09.07 13:08:05,I,600008,-1004472107780_2047,BUY,4410.46,4403.21,-72.5,2,-15.26,69.7,0,SL確定足突破
2026.09.07 13:08:06,H,600007,-1004472107780_2047,BUY,4410.32,4403.21,-71.1,2,-15.14,69.5,0,SL確定足突破
2026.09.07 13:08:06,Q,600016,-1004472107780_2047,BUY,4410.20,4403.21,-69.9,2,-15.10,69.8,0,SL確定足突破
2026.09.07 13:38:36,F,600005,-1004472107780_2060,BUY,4392.50,4394.50,20.0,5,-8.19,7.4,5,F:半数決済(+20p)
2026.09.07 13:39:00,F,600005,-1004472107780_2060,BUY,4392.50,4393.00,5.0,3,-3.62,4.6,2,個別建値決済
2026.09.07 13:42:00,R,600017,-1004472107780_2060,BUY,4392.50,4395.52,30.2,3,-2.17,11.5,7,個別建値決済
2026.09.07 13:42:23,J,600009,-1004472107780_2060,BUY,4392.50,4396.50,40.0,5,3.02,11.2,5,J:TP1到達
2026.09.07 13:42:24,C,600002,-1004472107780_2060,BUY,4392.50,4396.50,40.0,5,1.50,11.2,5,C:TP1到達
2026.09.07 13:42:24,H,600007,-1004472107780_2060,BUY,4392.50,4396.50,40.0,5,1.72,11.2,5,H:TP1到達
2026.09.07 13:42:26,G,600006,-1004472107780_2060,BUY,4392.50,4396.50,40.0,4,1.05,11.5,6,G:1段目(+40p)
2026.09.07 13:43:00,I,600008,-1004472107780_2060,BUY,4392.50,4396.87,43.7,1,-0.27,12.8,9,個別建値決済
2026.09.07 13:43:25,E,600004,-1004472107780_2060,BUY,4392.50,4397.05,45.5,0,0.00,0.0,10,E:建値移動(決済なし)
2026.09.07 13:43:40,E,600004,-1004472107780_2060,BUY,4392.50,4397.40,49.0,5,7.65,12.5,5,E:1.1倍水準到達
2026.09.07 13:47:00,Q,600016,-1004472107780_2060,BUY,4392.50,4396.76,42.6,1,-0.27,16.7,9,個別建値決済
2026.09.07 13:47:00,U,600020,-1004472107780_2060,BUY,4392.50,4396.76,42.6,1,-0.27,16.7,9,個別建値決済
2026.09.07 13:47:00,P,600015,-1004472107780_2060,BUY,4392.50,4396.76,42.6,1,-0.44,16.7,9,個別建値決済
2026.09.07 13:47:00,T,600019,-1004472107780_2060,BUY,4392.50,4396.76,42.6,1,-0.54,16.8,9,個別建値決済
2026.09.07 13:47:00,S,600018,-1004472107780_2060,BUY,4392.50,4396.76,42.6,1,-0.54,16.8,9,個別建値決済
2026.09.07 13:48:00,Q,600016,-1004472107780_2060,BUY,4392.50,4395.26,27.6,3,-2.71,16.9,6,個別建値決済
2026.09.07 13:48:01,U,600020,-1004472107780_2060,BUY,4392.50,4395.26,27.6,3,-2.77,16.9,6,個別建値決済
2026.09.07 13:48:02,P,600015,-1004472107780_2060,BUY,4392.50,4395.26,27.6,3,-2.69,17.0,6,個別建値決済
2026.09.07 13:48:03,T,600019,-1004472107780_2060,BUY,4392.50,4395.26,27.6,3,-2.06,16.9,6,個別建値決済
2026.09.07 13:48:03,S,600018,-1004472107780_2060,BUY,4392.50,4395.26,27.6,3,-1.78,16.8,6,個別建値決済
2026.09.07 13:48:04,R,600017,-1004472107780_2060,BUY,4392.50,4395.26,27.6,1,-0.25,16.2,6,個別建値決済
2026.09.07 13:48:04,I,600008,-1004472107780_2060,BUY,4392.50,4395.26,27.6,3,-2.58,17.1,6,個別建値決済
2026.09.07 13:49:00,Q,600016,-1004472107780_2060,BUY,4392.50,4394.36,18.6,2,-0.54,15.9,4,個別建値決済
2026.09.07 13:49:00,U,600020,-1004472107780_2060,BUY,4392.50,4394.36,18.6,2,-0.29,15.9,4,個別建値決済
2026.09.07 13:49:00,J,600009,-1004472107780_2060,BUY,4392.50,4394.36,18.6,1,0.11,15.4,4,個別建値決済
2026.09.07 13:49:01,P,600015,-1004472107780_2060,BUY,4392.50,4394.36,18.6,2,-0.16,15.9,4,個別建値決済
2026.09.07 13:49:01,E,600004,-1004472107780_2060,BUY,4392.50,4394.36,18.6,1,0.13,15.4,4,個別建値決済
2026.09.07 13:49:02,C,600002,-1004472107780_2060,BUY,4392.50,4394.36,18.6,1,0.12,15.4,4,個別建値決済
2026.09.07 13:49:02,T,600019,-1004472107780_2060,BUY,4392.50,4394.36,18.6,2,-0.20,15.9,4,個別建値決済
2026.09.07 13:49:02,S,600018,-1004472107780_2060,BUY,4392.50,4394.36,18.6,2,-0.20,15.9,4,個別建値決済
2026.09.07 13:49:03,H,600007,-1004472107780_2060,BUY,4392.50,4394.36,18.6,1,0.11,15.4,4,個別建値決済
2026.09.07 13:49:03,R,600017,-1004472107780_2060,BUY,4392.50,4394.36,18.6,2,-0.23,15.9,4,個別建値決済
2026.09.07 13:49:04,I,600008,-1004472107780_2060,BUY,4392.50,4394.36,18.6,2,-0.24,15.9,4,個別建値決済
2026.09.07 13:51:00,Q,600016,-1004472107780_2060,BUY,4392.50,4393.14,6.4,2,-1.08,16.2,2,個別建値決済
2026.09.07 13:51:00,U,600020,-1004472107780_2060,BUY,4392.50,4393.14,6.4,2,-1.08,16.2,2,個別建値決済
2026.09.07 13:51:01,J,600009,-1004472107780_2060,BUY,4392.50,4393.14,6.4,2,-1.08,16.2,2,個別建値決済
2026.09.07 13:51:01,P,600015,-1004472107780_2060,BUY,4392.50,4393.14,6.4,2,-1.08,16.2,2,個別建値決済
2026.09.07 13:51:02,E,600004,-1004472107780_2060,BUY,4392.50,4393.14,6.4,2,-0.68,16.2,2,個別建値決済
2026.09.07 13:51:02,C,600002,-1004472107780_2060,BUY,4392.50,4393.14,6.4,2,-0.74,16.2,2,個別建値決済
2026.09.07 13:51:03,T,600019,-1004472107780_2060,BUY,4392.50,4393.14,6.4,2,-0.66,16.2,2,個別建値決済
2026.09.07 13:51:03,S,600018,-1004472107780_2060,BUY,4392.50,4393.14,6.4,2,-0.66,16.2,2,個別建値決済
2026.09.07 13:51:04,H,600007,-1004472107780_2060,BUY,4392.50,4393.14,6.4,2,-0.68,16.2,2,個別建値決済
2026.09.07 13:51:04,R,600017,-1004472107780_2060,BUY,4392.50,4393.14,6.4,2,-0.68,16.2,2,個別建値決済
2026.09.07 13:51:05,I,600008,-1004472107780_2060,BUY,4392.50,4393.14,6.4,2,-0.36,16.2,2,個別建値決済
2026.09.07 13:53:00,Q,600016,-1004472107780_2060,BUY,4392.50,4392.97,4.7,1,0.05,17.0,1,個別建値決済
2026.09.07 13:53:00,F,600005,-1004472107780_2060,BUY,4392.50,4392.97,4.7,1,0.05,17.0,1,個別建値決済
2026.09.07 13:53:00,U,600020,-1004472107780_2060,BUY,4392.50,4392.97,4.7,1,0.04,17.1,1,個別建値決済
2026.09.07 13:53:01,J,600009,-1004472107780_2060,BUY,4392.50,4392.97,4.7,1,0.04,17.1,1,個別建値決済
2026.09.07 13:53:01,P,600015,-1004472107780_2060,BUY,4392.50,4392.97,4.7,1,0.04,17.1,1,個別建値決済
2026.09.07 13:53:01,E,600004,-1004472107780_2060,BUY,4392.50,4392.97,4.7,1,0.12,17.1,1,個別建値決済
2026.09.07 13:53:01,C,600002,-1004472107780_2060,BUY,4392.50,4392.97,4.7,1,0.12,17.1,1,個別建値決済
2026.09.07 13:53:02,T,600019,-1004472107780_2060,BUY,4392.50,4392.97,4.7,1,0.16,17.1,1,個別建値決済
2026.09.07 13:53:02,S,600018,-1004472107780_2060,BUY,4392.50,4392.97,4.7,1,0.20,17.1,1,個別建値決済
2026.09.07 13:53:02,H,600007,-1004472107780_2060,BUY,4392.50,4392.97,4.7,1,0.20,17.1,1,個別建値決済
2026.09.07 13:53:02,R,600017,-1004472107780_2060,BUY,4392.50,4392.97,4.7,1,0.26,17.1,1,個別建値決済
2026.09.07 13:53:02,I,600008,-1004472107780_2060,BUY,4392.50,4392.97,4.7,1,0.26,17.1,1,個別建値決済
2026.09.07 13:53:41,F,600005,-1004472107780_2068,BUY,4392.24,4394.97,27.3,3,0.60,3.4,3,F:半数決済(+20p)
2026.09.07 13:53:55,H,600007,-1004472107780_2068,BUY,4392.24,4396.56,43.2,3,4.66,3.5,3,H:TP1到達
2026.09.07 13:53:57,G,600006,-1004472107780_2068,BUY,4392.24,4396.56,43.2,2,2.53,3.7,4,G:1段目(+40p)
2026.09.07 13:54:00,C,600002,-1004472107780_2068,BUY,4392.24,4396.56,43.2,3,5.54,3.5,3,C:TP1到達
2026.09.07 13:54:02,J,600009,-1004472107780_2068,BUY,4392.24,4396.56,43.2,3,5.18,3.5,3,J:TP1到達
2026.09.07 13:55:01,I,600008,-1004472107780_2068,BUY,4392.24,4391.77,-4.7,6,-10.11,3.7,0,個別建値決済
2026.09.07 13:55:02,H,600007,-1004472107780_2068,BUY,4392.24,4391.77,-4.7,3,-2.52,2.7,0,個別建値決済
2026.09.07 13:55:03,F,600005,-1004472107780_2068,BUY,4392.24,4391.77,-4.7,3,-3.16,2.7,0,個別建値決済
2026.09.07 13:55:03,C,600002,-1004472107780_2068,BUY,4392.24,4391.77,-4.7,3,-6.34,2.7,0,個別建値決済
2026.09.07 13:55:05,R,600017,-1004472107780_2068,BUY,4392.24,4391.77,-4.7,6,-20.06,3.7,0,個別建値決済
2026.09.07 13:55:06,J,600009,-1004472107780_2068,BUY,4392.24,4391.77,-4.7,3,-6.98,2.8,0,個別建値決済
2026.09.07 13:55:06,Q,600016,-1004472107780_2060,BUY,4392.50,4391.77,-7.3,1,-1.43,17.7,0,個別建値決済
2026.09.07 13:55:06,F,600005,-1004472107780_2060,BUY,4392.50,4391.77,-7.3,1,-1.55,17.7,0,個別建値決済
2026.09.07 13:55:06,U,600020,-1004472107780_2060,BUY,4392.50,4391.77,-7.3,1,-1.69,17.7,0,個別建値決済
2026.09.07 13:55:06,J,600009,-1004472107780_2060,BUY,4392.50,4391.77,-7.3,1,-1.69,17.7,0,個別建値決済
2026.09.07 13:55:07,P,600015,-1004472107780_2060,BUY,4392.50,4391.77,-7.3,1,-2.01,17.7,0,個別建値決済
2026.09.07 13:55:07,E,600004,-1004472107780_2060,BUY,4392.50,4391.77,-7.3,1,-1.93,17.7,0,個別建値決済
2026.09.07 13:55:07,C,600002,-1004472107780_2060,BUY,4392.50,4391.77,-7.3,1,-2.15,17.7,0,個別建値決済
2026.09.07 13:55:08,T,600019,-1004472107780_2060,BUY,4392.50,4391.77,-7.3,1,-2.09,17.7,0,個別建値決済
2026.09.07 13:55:08,S,600018,-1004472107780_2060,BUY,4392.50,4391.77,-7.3,1,-2.09,17.7,0,個別建値決済
2026.09.07 13:55:08,H,600007,-1004472107780_2060,BUY,4392.50,4391.77,-7.3,1,-1.88,17.7,0,個別建値決済
2026.09.07 13:55:08,R,600017,-1004472107780_2060,BUY,4392.50,4391.77,-7.3,1,-1.45,17.7,0,個別建値決済
2026.09.07 13:55:08,I,600008,-1004472107780_2060,BUY,4392.50,4391.77,-7.3,1,-1.45,17.8,0,個別建値決済
2026.09.07 14:02:01,G,600006,-1004472107780_2060,BUY,4392.50,4389.34,-31.6,6,-24.98,27.1,0,SL確定足突破
2026.09.07 14:06:04,E,600004,-1004472107780_2068,BUY,4389.26,4393.67,44.1,0,0.00,0.0,12,E:建値移動(決済なし)
2026.09.07 14:07:00,E,600004,-1004472107780_2068,BUY,4389.26,4393.46,42.0,4,-2.14,16.5,8,個別建値決済
2026.09.07 14:08:00,E,600004,-1004472107780_2068,BUY,4389.26,4392.79,35.3,1,-0.18,15.3,7,個別建値決済
2026.09.07 14:09:00,E,600004,-1004472107780_2068,BUY,4389.26,4391.79,25.3,2,-0.59,14.8,5,個別建値決済
2026.09.07 14:12:44,E,600004,-1004472107780_2068,BUY,4389.26,4394.17,49.1,3,10.39,17.7,2,E:1.1倍水準到達
2026.09.07 14:21:00,Q,600016,-1004472107780_2068,BUY,4389.26,4394.65,53.9,1,-0.43,30.9,11,個別建値決済
2026.09.07 14:21:00,T,600019,-1004472107780_2068,BUY,4389.26,4394.65,53.9,1,-0.23,30.9,11,個別建値決済
2026.09.07 14:21:00,P,600015,-1004472107780_2068,BUY,4389.26,4394.65,53.9,1,-0.43,30.9,11,個別建値決済
2026.09.07 14:21:01,S,600018,-1004472107780_2068,BUY,4389.26,4394.65,53.9,1,-0.44,30.9,11,個別建値決済
2026.09.07 14:22:00,Q,600016,-1004472107780_2068,BUY,4389.26,4393.65,43.9,2,-0.82,31.5,9,個別建値決済
2026.09.07 14:22:00,T,600019,-1004472107780_2068,BUY,4389.26,4393.65,43.9,2,-0.75,31.7,9,個別建値決済
2026.09.07 14:22:01,P,600015,-1004472107780_2068,BUY,4389.26,4393.65,43.9,2,-0.74,31.6,9,個別建値決済
2026.09.07 14:22:01,S,600018,-1004472107780_2068,BUY,4389.26,4393.65,43.9,2,-0.74,31.6,9,個別建値決済
2026.09.07 14:23:00,Q,600016,-1004472107780_2068,BUY,4389.26,4390.87,16.1,4,-6.90,30.0,5,個別建値決済
2026.09.07 14:23:01,T,600019,-1004472107780_2068,BUY,4389.26,4390.87,16.1,4,-6.41,30.0,5,個別建値決済
2026.09.07 14:23:02,P,600015,-1004472107780_2068,BUY,4389.26,4390.87,16.1,4,-6.67,30.1,5,個別建値決済
2026.09.07 14:23:03,S,600018,-1004472107780_2068,BUY,4389.26,4390.87,16.1,4,-6.35,30.1,5,個別建値決済
2026.09.07 14:24:01,Q,600016,-1004472107780_2068,BUY,4389.26,4389.59,3.3,4,-2.98,28.9,1,個別建値決済
2026.09.07 14:24:02,T,600019,-1004472107780_2068,BUY,4389.26,4389.59,3.3,4,-3.15,28.9,1,個別建値決済
2026.09.07 14:24:02,E,600004,-1004472107780_2068,BUY,4389.26,4389.59,3.3,1,-0.18,28.6,1,個別建値決済
2026.09.07 14:24:02,P,600015,-1004472107780_2068,BUY,4389.26,4389.59,3.3,4,-3.84,28.9,1,個別建値決済
2026.09.07 14:24:04,S,600018,-1004472107780_2068,BUY,4389.26,4389.59,3.3,4,-4.24,28.9,1,個別建値決済
2026.09.07 14:26:00,Q,600016,-1004472107780_2068,BUY,4389.26,4389.00,-2.6,1,-0.27,29.4,0,個別建値決済
2026.09.07 14:26:00,T,600019,-1004472107780_2068,BUY,4389.26,4389.00,-2.6,1,-0.22,29.4,0,個別建値決済
2026.09.07 14:26:00,E,600004,-1004472107780_2068,BUY,4389.26,4389.00,-2.6,1,-0.22,29.4,0,個別建値決済
2026.09.07 14:26:01,P,600015,-1004472107780_2068,BUY,4389.26,4389.00,-2.6,1,-0.24,29.4,0,個別建値決済
2026.09.07 14:26:01,S,600018,-1004472107780_2068,BUY,4389.26,4389.00,-2.6,1,-0.24,29.4,0,個別建値決済
2026.09.07 14:31:00,G,600006,-1004472107780_2068,BUY,4392.24,4387.16,-50.8,4,-23.75,39.2,0,SL確定足突破
2026.09.07 14:31:03,U,600020,-1004472107780_2068,BUY,4389.26,4387.16,-21.0,12,-49.08,37.7,0,SL確定足突破
2026.09.07 14:31:04,H,600007,-1004472107780_2010,BUY,4388.19,4387.16,-10.3,1,0.14,319.7,0,個別建値決済
2026.09.07 14:31:04,U,600020,-1004472107780_2010,BUY,4388.01,4387.16,-8.5,1,0.21,319.9,0,個別建値決済
2026.09.07 14:31:04,U,600020,-1004472107780_2004,BUY,4385.49,4387.16,16.7,2,1.05,326.9,4,個別建値決済
2026.09.07 14:33:00,U,600020,-1004472107780_2004,BUY,4385.49,4385.02,-4.7,4,-4.71,328.6,0,個別建値決済
2026.09.07 14:33:02,H,600007,-1004472107780_2004,BUY,4385.49,4385.02,-4.7,4,-5.35,328.6,0,個別建値決済
2026.09.07 14:34:02,K,600010,-1004472107780_2068,BUY,4389.26,4384.84,-44.2,12,-85.17,40.7,0,SL確定足突破
2026.09.07 14:34:05,K,600010,-1004472107780_2060,BUY,4392.50,4384.84,-76.6,10,-95.77,60.8,0,SL確定足突破
2026.09.07 15:52:41,F,600005,-1004472107780_2077,SELL,4396.88,4394.78,21.0,1,2.10,1.2,1,F:半数決済(+20p)
2026.09.07 16:00:00,F,600005,-1004472107780_2077,SELL,4396.88,4396.85,0.3,1,-0.32,8.1,0,個別建値決済
2026.09.07 16:14:01,U,600020,-1004472107780_2077,SELL,4398.74,4403.63,-48.9,6,-38.15,18.0,0,SL確定足突破
2026.09.07 16:14:03,G,600006,-1004472107780_2077,SELL,4399.05,4403.63,-45.8,7,-43.83,16.1,0,SL確定足突破
2026.09.07 16:14:04,T,600019,-1004472107780_2077,SELL,4399.05,4403.63,-45.8,7,-42.20,16.1,0,SL確定足突破
2026.09.07 16:14:06,R,600017,-1004472107780_2077,SELL,4398.74,4403.63,-48.9,6,-37.82,16.7,0,SL確定足突破
2026.09.07 16:14:07,Q,600016,-1004472107780_2077,SELL,4398.74,4403.63,-48.9,6,-37.81,16.7,0,SL確定足突破
2026.09.07 16:14:09,E,600004,-1004472107780_2077,SELL,4398.74,4403.63,-48.9,6,-37.79,16.8,0,SL確定足突破
2026.09.07 16:14:10,H,600007,-1004472107780_2077,SELL,4398.74,4403.63,-48.9,6,-38.94,16.8,0,SL確定足突破
2026.09.07 16:14:12,C,600002,-1004472107780_2077,SELL,4399.05,4403.63,-45.8,7,-45.57,16.3,0,SL確定足突破
2026.09.07 16:14:14,I,600008,-1004472107780_2077,SELL,4398.74,4403.63,-48.9,6,-40.29,16.8,0,SL確定足突破
2026.09.07 16:14:15,P,600015,-1004472107780_2077,SELL,4398.74,4403.63,-48.9,6,-39.13,16.9,0,SL確定足突破
2026.09.07 16:14:16,S,600018,-1004472107780_2077,SELL,4398.74,4403.63,-48.9,6,-39.12,16.9,0,SL確定足突破
2026.09.07 16:14:18,M,600012,-1004472107780_2077,SELL,4398.74,4403.63,-48.9,6,-38.97,17.0,0,SL確定足突破
2026.09.07 16:14:19,J,600009,-1004472107780_2077,SELL,4398.74,4403.63,-48.9,6,-40.21,17.0,0,SL確定足突破
2026.09.07 16:48:28,F,600005,-1004472107780_2087,SELL,4407.63,4405.63,20.0,6,-12.03,5.9,6,F:半数決済(+20p)
2026.09.07 16:49:24,H,600007,-1004472107780_2087,SELL,4407.63,4403.49,41.4,6,-0.45,6.6,6,H:TP1到達
2026.09.07 16:49:25,G,600006,-1004472107780_2087,SELL,4407.63,4403.49,41.4,4,-4.09,7.3,8,G:1段目(+40p)
2026.09.07 16:49:27,C,600002,-1004472107780_2087,SELL,4407.63,4403.49,41.4,6,-3.49,6.6,6,C:TP1到達
2026.09.07 16:49:28,M,600012,-1004472107780_2087,SELL,4407.63,4403.49,41.4,6,-3.36,6.8,6,C:TP1到達
2026.09.07 16:49:30,J,600009,-1004472107780_2087,SELL,4407.63,4403.49,41.4,6,-3.01,6.8,6,J:TP1到達
2026.09.07 16:50:00,R,600017,-1004472107780_2087,SELL,4407.63,4403.51,41.2,4,-2.40,8.0,8,個別建値決済
2026.09.07 16:50:00,I,600008,-1004472107780_2087,SELL,4407.63,4403.51,41.2,1,-0.96,8.1,11,個別建値決済
2026.09.07 16:50:23,E,600004,-1004472107780_2087,SELL,4407.63,4403.20,44.3,0,0.00,0.0,12,E:建値移動(決済なし)
2026.09.07 16:51:00,E,600004,-1004472107780_2087,SELL,4407.63,4403.68,39.5,4,-2.14,8.6,8,個別建値決済
2026.09.07 16:51:01,I,600008,-1004472107780_2087,SELL,4407.63,4403.68,39.5,3,-0.51,8.8,8,個別建値決済
2026.09.07 16:52:09,E,600004,-1004472107780_2087,SELL,4407.63,4402.76,48.7,4,8.59,7.1,4,E:1.1倍水準到達
2026.09.07 16:53:00,S,600018,-1004472107780_2087,SELL,4407.63,4403.50,41.3,1,-0.81,11.1,11,個別建値決済
2026.09.07 16:53:01,P,600015,-1004472107780_2087,SELL,4407.63,4403.50,41.3,4,-1.46,11.0,8,個別建値決済
2026.09.07 16:53:02,T,600019,-1004472107780_2087,SELL,4407.63,4403.50,41.3,4,-1.39,10.8,8,個別建値決済
2026.09.07 16:53:03,Q,600016,-1004472107780_2087,SELL,4407.63,4403.50,41.3,4,-1.58,11.0,8,個別建値決済
2026.09.07 16:55:00,S,600018,-1004472107780_2087,SELL,4407.63,4404.35,32.8,4,-3.77,11.8,7,個別建値決済
2026.09.07 16:55:01,R,600017,-1004472107780_2087,SELL,4407.63,4404.35,32.8,1,-0.68,12.6,7,個別建値決済
2026.09.07 16:55:01,P,600015,-1004472107780_2087,SELL,4407.63,4404.35,32.8,1,-0.68,12.6,7,個別建値決済
2026.09.07 16:55:01,T,600019,-1004472107780_2087,SELL,4407.63,4404.35,32.8,1,-0.52,12.6,7,個別建値決済
2026.09.07 16:55:01,Q,600016,-1004472107780_2087,SELL,4407.63,4404.35,32.8,1,-0.67,12.6,7,個別建値決済
2026.09.07 16:55:02,I,600008,-1004472107780_2087,SELL,4407.63,4404.35,32.8,1,-0.52,12.6,7,個別建値決済
2026.09.07 17:01:00,H,600007,-1004472107780_2087,SELL,4407.63,4406.41,12.2,3,-4.93,15.9,3,個別建値決済
2026.09.07 17:01:01,S,600018,-1004472107780_2087,SELL,4407.63,4406.41,12.2,4,-3.46,15.9,3,個別建値決済
2026.09.07 17:01:01,E,600004,-1004472107780_2087,SELL,4407.63,4406.41,12.2,1,-0.13,15.9,3,個別建値決済
2026.09.07 17:01:02,C,600002,-1004472107780_2087,SELL,4407.63,4406.41,12.2,3,-1.96,15.9,3,個別建値決済
2026.09.07 17:01:03,R,600017,-1004472107780_2087,SELL,4407.63,4406.41,12.2,4,-4.67,16.0,3,個別建値決済
2026.09.07 17:01:04,M,600012,-1004472107780_2087,SELL,4407.63,4406.41,12.2,3,-2.70,15.9,3,個別建値決済
2026.09.07 17:01:06,U,600020,-1004472107780_2087,SELL,4407.63,4406.41,12.2,9,-18.28,17.2,3,個別建値決済
2026.09.07 17:01:07,P,600015,-1004472107780_2087,SELL,4407.63,4406.41,12.2,4,-4.10,16.0,3,個別建値決済
2026.09.07 17:01:08,T,600019,-1004472107780_2087,SELL,4407.63,4406.41,12.2,4,-4.56,16.0,3,個別建値決済
2026.09.07 17:01:09,F,600005,-1004472107780_2087,SELL,4407.63,4406.41,12.2,3,-2.82,16.0,3,個別建値決済
2026.09.07 17:01:14,Q,600016,-1004472107780_2087,SELL,4407.63,4406.41,12.2,4,-4.60,16.1,3,個別建値決済
2026.09.07 17:01:15,I,600008,-1004472107780_2087,SELL,4407.63,4406.41,12.2,4,-3.06,16.2,3,個別建値決済
2026.09.07 17:01:16,J,600009,-1004472107780_2087,SELL,4407.63,4406.41,12.2,3,-1.76,16.1,3,個別建値決済
2026.09.07 17:02:00,H,600007,-1004472107780_2087,SELL,4407.63,4406.84,7.9,1,-0.61,15.0,2,個別建値決済
2026.09.07 17:02:00,S,600018,-1004472107780_2087,SELL,4407.63,4406.84,7.9,1,-0.61,15.0,2,個別建値決済
2026.09.07 17:02:00,E,600004,-1004472107780_2087,SELL,4407.63,4406.84,7.9,1,-0.63,15.0,2,個別建値決済
2026.09.07 17:02:00,C,600002,-1004472107780_2087,SELL,4407.63,4406.84,7.9,1,-0.63,15.0,2,個別建値決済
2026.09.07 17:02:01,R,600017,-1004472107780_2087,SELL,4407.63,4406.84,7.9,1,-0.86,15.0,2,個別建値決済
2026.09.07 17:02:01,M,600012,-1004472107780_2087,SELL,4407.63,4406.84,7.9,1,-0.84,15.0,2,個別建値決済
2026.09.07 17:02:01,U,600020,-1004472107780_2087,SELL,4407.63,4406.84,7.9,1,-0.84,15.0,2,個別建値決済
2026.09.07 17:02:01,P,600015,-1004472107780_2087,SELL,4407.63,4406.84,7.9,1,-0.84,15.0,2,個別建値決済
2026.09.07 17:02:02,T,600019,-1004472107780_2087,SELL,4407.63,4406.84,7.9,1,-0.86,15.0,2,個別建値決済
2026.09.07 17:02:02,F,600005,-1004472107780_2087,SELL,4407.63,4406.84,7.9,1,-0.86,15.0,2,個別建値決済
2026.09.07 17:02:02,Q,600016,-1004472107780_2087,SELL,4407.63,4406.84,7.9,1,-0.84,15.0,2,個別建値決済
2026.09.07 17:02:03,I,600008,-1004472107780_2087,SELL,4407.63,4406.84,7.9,1,-0.78,15.0,2,個別建値決済
2026.09.07 17:02:03,J,600009,-1004472107780_2087,SELL,4407.63,4406.84,7.9,1,-0.78,15.0,2,個別建値決済
2026.09.07 17:03:01,K,600010,-1004472107780_2077,SELL,4398.74,4407.06,-83.2,6,-59.47,65.6,0,SL確定足突破
2026.09.07 17:04:00,H,600007,-1004472107780_2087,SELL,4407.63,4407.30,3.3,1,-0.21,16.8,1,個別建値決済
2026.09.07 17:04:00,S,600018,-1004472107780_2087,SELL,4407.63,4407.30,3.3,1,-0.22,16.8,1,個別建値決済
2026.09.07 17:04:00,E,600004,-1004472107780_2087,SELL,4407.63,4407.30,3.3,1,-0.22,16.8,1,個別建値決済
2026.09.07 17:04:00,C,600002,-1004472107780_2087,SELL,4407.63,4407.30,3.3,1,-0.45,16.8,1,個別建値決済
2026.09.07 17:04:01,R,600017,-1004472107780_2087,SELL,4407.63,4407.30,3.3,1,-0.47,16.8,1,個別建値決済
2026.09.07 17:04:01,M,600012,-1004472107780_2087,SELL,4407.63,4407.30,3.3,1,-0.48,16.8,1,個別建値決済
2026.09.07 17:04:01,U,600020,-1004472107780_2087,SELL,4407.63,4407.30,3.3,1,-0.59,16.8,1,個別建値決済
2026.09.07 17:04:01,P,600015,-1004472107780_2087,SELL,4407.63,4407.30,3.3,1,-0.56,16.8,1,個別建値決済
2026.09.07 17:04:02,T,600019,-1004472107780_2087,SELL,4407.63,4407.30,3.3,1,-0.70,16.8,1,個別建値決済
2026.09.07 17:04:02,F,600005,-1004472107780_2087,SELL,4407.63,4407.30,3.3,1,-0.70,16.8,1,個別建値決済
2026.09.07 17:04:02,Q,600016,-1004472107780_2087,SELL,4407.63,4407.30,3.3,1,-0.72,16.8,1,個別建値決済
2026.09.07 17:04:03,I,600008,-1004472107780_2087,SELL,4407.63,4407.30,3.3,1,-0.83,16.8,1,個別建値決済
2026.09.07 17:04:03,J,600009,-1004472107780_2087,SELL,4407.63,4407.30,3.3,1,-0.90,16.8,1,個別建値決済
2026.09.07 17:08:00,H,600007,-1004472107780_2087,SELL,4407.63,4408.27,-6.4,1,-0.94,20.7,0,個別建値決済
2026.09.07 17:08:00,S,600018,-1004472107780_2087,SELL,4407.63,4408.27,-6.4,1,-0.86,20.7,0,個別建値決済
2026.09.07 17:08:00,E,600004,-1004472107780_2087,SELL,4407.63,4408.27,-6.4,1,-0.90,20.7,0,個別建値決済
2026.09.07 17:08:00,C,600002,-1004472107780_2087,SELL,4407.63,4408.27,-6.4,1,-0.90,20.7,0,個別建値決済
2026.09.07 17:08:01,R,600017,-1004472107780_2087,SELL,4407.63,4408.27,-6.4,1,-0.90,20.7,0,個別建値決済
2026.09.07 17:08:01,M,600012,-1004472107780_2087,SELL,4407.63,4408.27,-6.4,1,-0.90,20.7,0,個別建値決済
2026.09.07 17:08:01,U,600020,-1004472107780_2087,SELL,4407.63,4408.27,-6.4,1,-0.90,20.7,0,個別建値決済
2026.09.07 17:08:01,P,600015,-1004472107780_2087,SELL,4407.63,4408.27,-6.4,1,-0.90,20.7,0,個別建値決済
2026.09.07 17:08:02,T,600019,-1004472107780_2087,SELL,4407.63,4408.27,-6.4,1,-0.90,20.7,0,個別建値決済
2026.09.07 17:08:02,F,600005,-1004472107780_2087,SELL,4407.63,4408.27,-6.4,1,-0.90,20.7,0,個別建値決済
2026.09.07 17:08:02,Q,600016,-1004472107780_2087,SELL,4407.63,4408.27,-6.4,1,-0.85,20.7,0,個別建値決済
2026.09.07 17:08:03,I,600008,-1004472107780_2087,SELL,4407.63,4408.27,-6.4,1,-0.93,20.7,0,個別建値決済
2026.09.07 17:08:03,J,600009,-1004472107780_2087,SELL,4407.63,4408.27,-6.4,1,-0.93,20.7,0,個別建値決済
2026.09.07 17:44:01,G,600006,-1004472107780_2087,SELL,4407.63,4411.23,-36.0,8,-43.69,58.5,0,SL確定足突破
2026.09.07 17:44:04,K,600010,-1004472107780_2087,SELL,4407.63,4411.23,-36.0,12,-71.53,59.6,0,SL確定足突破
2026.09.07 18:09:30,F,600005,-1004472107780_2095,BUY,4409.98,4411.98,20.0,2,2.66,3.2,1,F:半数決済(+20p)
2026.09.07 18:14:39,M,600012,-1004472107780_2095,BUY,4409.98,4414.05,40.7,2,7.12,8.3,1,C:TP1到達
2026.09.07 18:14:42,J,600009,-1004472107780_2095,BUY,4409.98,4414.05,40.7,2,7.35,8.2,1,J:TP1到達
2026.09.07 18:14:45,G,600006,-1004472107780_2095,BUY,4409.98,4414.05,40.7,1,3.86,8.4,2,G:1段目(+40p)
2026.09.07 18:14:47,H,600007,-1004472107780_2095,BUY,4409.98,4414.05,40.7,2,8.20,8.2,1,H:TP1到達
2026.09.07 18:14:52,C,600002,-1004472107780_2095,BUY,4409.98,4414.05,40.7,2,7.97,8.5,1,C:TP1到達
2026.09.07 18:14:54,E,600004,-1004472107780_2095,BUY,4409.98,4414.42,44.4,0,0.00,0.0,3,E:建値移動(決済なし)
2026.09.07 18:15:00,E,600004,-1004472107780_2095,BUY,4409.98,4414.92,49.4,2,9.12,8.6,1,E:1.1倍水準到達
2026.09.07 18:41:00,R,600017,-1004472107780_2095,BUY,4409.98,4410.58,6.0,1,-0.40,34.8,2,個別建値決済
2026.09.07 18:41:00,P,600015,-1004472107780_2095,BUY,4409.98,4410.58,6.0,1,-0.39,34.8,2,個別建値決済
2026.09.07 18:42:00,S,600018,-1004472107780_2095,BUY,4409.98,4409.48,-5.0,3,-2.46,35.3,0,個別建値決済
2026.09.07 18:42:00,M,600012,-1004472107780_2095,BUY,4409.98,4409.48,-5.0,1,-0.49,35.0,0,個別建値決済
2026.09.07 18:42:01,Q,600016,-1004472107780_2095,BUY,4409.98,4409.48,-5.0,3,-2.81,35.4,0,個別建値決済
2026.09.07 18:42:01,J,600009,-1004472107780_2095,BUY,4409.98,4409.48,-5.0,1,-0.62,35.0,0,個別建値決済
2026.09.07 18:42:02,T,600019,-1004472107780_2095,BUY,4409.98,4409.48,-5.0,3,-3.29,35.3,0,個別建値決済
2026.09.07 18:42:02,F,600005,-1004472107780_2095,BUY,4409.98,4409.48,-5.0,1,-1.08,35.0,0,個別建値決済
2026.09.07 18:42:03,H,600007,-1004472107780_2095,BUY,4409.98,4409.48,-5.0,1,-1.05,35.0,0,個別建値決済
2026.09.07 18:42:03,I,600008,-1004472107780_2095,BUY,4409.98,4409.48,-5.0,3,-4.23,35.5,0,個別建値決済
2026.09.07 18:42:04,E,600004,-1004472107780_2095,BUY,4409.98,4409.48,-5.0,1,-0.99,35.0,0,個別建値決済
2026.09.07 18:42:04,C,600002,-1004472107780_2095,BUY,4409.98,4409.48,-5.0,1,-0.99,35.0,0,個別建値決済
2026.09.07 18:42:04,R,600017,-1004472107780_2095,BUY,4409.98,4409.48,-5.0,2,-2.81,35.3,0,個別建値決済
2026.09.07 18:42:05,P,600015,-1004472107780_2095,BUY,4409.98,4409.48,-5.0,2,-2.54,35.3,0,個別建値決済
2026.09.07 20:34:00,U,600020,-1004472107780_2095,BUY,4409.98,4410.22,2.4,2,-0.63,147.5,1,個別建値決済
2026.09.07 20:54:00,U,600020,-1004472107780_2095,BUY,4409.98,4409.21,-7.7,1,-0.98,166.9,0,個別建値決済
2026.09.07 21:26:00,G,600006,-1004472107780_2095,BUY,4409.98,4403.33,-66.5,2,-13.63,199.1,0,SL確定足突破
2026.09.07 21:26:01,K,600010,-1004472107780_2095,BUY,4410.12,4403.33,-67.9,3,-19.89,199.5,0,SL確定足突破
2026.09.08 09:37:02,C,600002,-1004472107780_2107,BUY,4405.41,4399.25,-61.6,12,-103.57,20.2,0,SL確定足突破
2026.09.08 09:37:05,F,600005,-1004472107780_2107,BUY,4405.41,4399.25,-61.6,12,-104.50,20.3,0,SL確定足突破
2026.09.08 09:37:08,T,600019,-1004472107780_2107,BUY,4405.41,4399.25,-61.6,12,-109.33,20.3,0,SL確定足突破
2026.09.08 09:37:11,J,600009,-1004472107780_2107,BUY,4405.41,4399.25,-61.6,12,-110.60,20.4,0,SL確定足突破
2026.09.08 09:37:14,Q,600016,-1004472107780_2107,BUY,4405.41,4399.25,-61.6,12,-104.92,20.3,0,SL確定足突破
2026.09.08 09:37:17,R,600017,-1004472107780_2107,BUY,4405.41,4399.25,-61.6,12,-104.82,20.5,0,SL確定足突破
2026.09.08 09:37:20,K,600010,-1004472107780_2107,BUY,4405.41,4399.25,-61.6,12,-113.12,20.5,0,SL確定足突破
2026.09.08 09:37:23,U,600020,-1004472107780_2107,BUY,4405.41,4399.25,-61.6,12,-109.38,20.5,0,SL確定足突破
2026.09.08 09:37:26,S,600018,-1004472107780_2107,BUY,4405.41,4399.25,-61.6,12,-112.37,20.4,0,SL確定足突破
2026.09.08 09:37:29,E,600004,-1004472107780_2107,BUY,4405.41,4399.25,-61.6,12,-106.51,20.5,0,SL確定足突破
2026.09.08 09:37:32,G,600006,-1004472107780_2107,BUY,4405.41,4399.25,-61.6,12,-102.19,20.6,0,SL確定足突破
2026.09.08 09:37:35,H,600007,-1004472107780_2107,BUY,4405.41,4399.25,-61.6,12,-102.63,20.6,0,SL確定足突破
2026.09.08 09:37:38,I,600008,-1004472107780_2107,BUY,4405.41,4399.25,-61.6,12,-96.77,20.8,0,SL確定足突破
2026.09.08 09:37:41,P,600015,-1004472107780_2107,BUY,4405.41,4399.25,-61.6,12,-91.98,20.7,0,SL確定足突破
2026.09.08 11:03:41,F,600005,-1004472107780_2124,BUY,4388.92,4390.98,20.6,3,0.48,2.6,2,F:半数決済(+20p)
2026.09.08 11:05:53,C,600002,-1004472107780_2124,BUY,4388.92,4392.95,40.3,3,6.23,4.8,2,C:TP1到達
2026.09.08 11:05:57,J,600009,-1004472107780_2124,BUY,4388.92,4392.95,40.3,3,5.68,4.8,2,J:TP1到達
2026.09.08 11:06:01,H,600007,-1004472107780_2124,BUY,4388.92,4392.95,40.3,3,6.39,4.9,2,H:TP1到達
2026.09.08 11:06:06,G,600006,-1004472107780_2124,BUY,4388.92,4392.95,40.3,2,2.46,5.1,3,G:1段目(+40p)
2026.09.08 11:06:12,E,600004,-1004472107780_2124,BUY,4388.92,4393.42,45.0,0,0.00,0.0,5,E:建値移動(決済なし)
2026.09.08 11:06:15,E,600004,-1004472107780_2124,BUY,4388.92,4393.80,48.8,3,8.17,5.2,2,E:1.1倍水準到達
2026.09.08 11:15:37,F,600005,-1004472107780_2128,BUY,4389.76,4391.87,21.1,2,3.51,1.4,1,F:半数決済(+20p)
2026.09.08 11:19:46,C,600002,-1004472107780_2128,BUY,4389.85,4393.91,40.6,2,6.60,5.8,1,C:TP1到達
2026.09.08 11:19:49,G,600006,-1004472107780_2128,BUY,4389.93,4393.95,40.2,1,3.13,5.8,2,G:1段目(+40p)
2026.09.08 11:19:56,H,600007,-1004472107780_2128,BUY,4390.07,4394.07,40.0,2,6.73,5.7,1,H:TP1到達
2026.09.08 11:24:21,J,600009,-1004472107780_2128,BUY,4389.98,4393.98,40.0,2,7.53,10.1,1,J:TP1到達
2026.09.08 11:24:55,E,600004,-1004472107780_2128,BUY,4389.85,4394.30,44.5,0,0.00,0.0,3,E:建値移動(決済なし)
2026.09.08 11:24:56,M,600012,-1004472107780_2127,BUY,4390.47,4394.47,40.0,1,4.00,11.0,0,C:TP1到達
2026.09.08 11:25:03,E,600004,-1004472107780_2128,BUY,4389.85,4394.72,48.7,2,8.40,11.1,1,E:1.1倍水準到達
2026.09.08 11:31:04,F,600005,-1004472107780_2133,BUY,4393.29,4395.38,20.9,3,-0.24,3.4,3,F:半数決済(+20p)
2026.09.08 11:33:30,G,600006,-1004472107780_2124,BUY,4388.92,4397.18,82.6,2,15.18,31.7,1,G:2段目(+80p)
2026.09.08 11:33:37,G,600006,-1004472107780_2133,BUY,4393.29,4397.43,41.4,2,2.96,6.1,4,G:1段目(+40p)
2026.09.08 11:33:40,C,600002,-1004472107780_2133,BUY,4393.29,4397.43,41.4,3,3.92,6.0,3,C:TP1到達
2026.09.08 11:33:44,J,600009,-1004472107780_2133,BUY,4393.29,4397.43,41.4,3,5.93,6.0,3,J:TP1到達
2026.09.08 11:33:48,H,600007,-1004472107780_2133,BUY,4393.29,4397.43,41.4,3,3.39,6.2,3,H:TP1到達
2026.09.08 11:33:51,M,600012,-1004472107780_2133,BUY,4393.29,4397.43,41.4,3,3.53,6.2,3,C:TP1到達
2026.09.08 11:34:42,E,600004,-1004472107780_2133,BUY,4393.29,4397.69,44.0,0,0.00,0.0,6,E:建値移動(決済なし)
2026.09.08 11:34:46,E,600004,-1004472107780_2133,BUY,4393.29,4398.13,48.4,3,7.75,7.1,3,E:1.1倍水準到達
2026.09.08 11:34:47,T,600019,-1004472107780_2128,BUY,4389.98,4398.13,81.5,2,14.99,20.5,1,T:半数決済
2026.09.08 11:34:47,G,600006,-1004472107780_2128,BUY,4389.93,4398.13,82.0,1,7.80,20.4,1,G:2段目(+80p)
2026.09.08 11:35:11,E,600004,-1004472107780_2128,BUY,4389.85,4398.74,88.9,1,8.92,21.1,0,E:2.0倍水準到達
2026.09.08 11:45:46,F,600005,-1004472107780_2137,BUY,4391.27,4393.31,20.4,1,0.49,1.8,1,F:半数決済(+20p)
2026.09.08 11:45:50,E,600004,-1004472107780_2137,BUY,4391.27,4396.91,56.4,0,0.00,0.0,2,E:建値移動(決済なし)
2026.09.08 11:45:53,M,600012,-1004472107780_2137,BUY,4391.27,4396.91,56.4,1,4.36,1.8,1,C:TP1到達
2026.09.08 11:45:57,C,600002,-1004472107780_2137,BUY,4391.27,4396.91,56.4,1,4.58,1.9,1,C:TP1到達
2026.09.08 11:46:06,G,600006,-1004472107780_2137,BUY,4391.27,4396.91,56.4,1,3.40,2.1,1,G:1段目(+40p)
2026.09.08 11:46:18,J,600009,-1004472107780_2137,BUY,4391.27,4396.91,56.4,1,4.00,2.3,1,J:TP1到達
2026.09.08 11:46:22,H,600007,-1004472107780_2137,BUY,4391.27,4396.91,56.4,1,4.84,2.4,1,H:TP1到達
2026.09.08 11:46:26,E,600004,-1004472107780_2137,BUY,4391.27,4397.52,62.5,1,4.60,2.4,1,E:1.1倍水準到達
2026.09.08 12:17:24,G,600006,-1004472107780_2137,BUY,4391.27,4399.30,80.3,1,8.04,32.2,0,G:2段目(+80p)
2026.09.08 12:21:57,K,600010,-1004472107780_2137,BUY,4391.27,4395.82,45.5,1,3.16,38.0,1,K:TP1_HIT(半数)
2026.09.08 12:21:59,K,600010,-1004472107780_2133,BUY,4391.27,4395.94,46.7,5,4.24,53.3,5,K:TP1_HIT(半数)
2026.09.08 12:21:59,K,600010,-1004472107780_2128,BUY,4389.97,4395.75,57.8,2,10.52,67.9,1,K:TP1_HIT(半数)
2026.09.08 12:22:00,K,600010,-1004472107780_2124,BUY,4387.98,4395.83,78.5,4,21.05,80.6,3,K:TP1_HIT(半数)
2026.09.08 12:40:46,P,600015,-1004472107780_2128,BUY,4389.98,4400.93,109.5,2,21.75,86.6,1,P:半数決済
2026.09.08 12:40:46,S,600018,-1004472107780_2128,BUY,4389.85,4400.93,110.8,1,9.98,86.8,2,S:1段目
2026.09.08 12:40:47,R,600017,-1004472107780_2124,BUY,4392.39,4400.93,85.4,1,8.07,100.1,0,R:半数決済
2026.09.08 12:41:28,G,600006,-1004472107780_2133,BUY,4393.29,4401.32,80.3,2,13.49,72.3,2,G:2段目(+80p)
2026.09.08 12:41:28,J,600009,-1004472107780_2128,BUY,4389.98,4401.99,120.1,0,0.00,0.0,1,J:TP2到達
2026.09.08 12:41:29,Q,600016,-1004472107780_2128,BUY,4389.85,4401.99,121.4,2,23.65,87.4,1,Q:半数決済
2026.09.08 12:51:15,U,600020,-1004472107780_2128,BUY,4390.03,4405.03,150.0,2,28.91,97.2,1,U:半数決済
2026.09.08 13:06:00,Q,600016,-1004472107780_2128,BUY,4389.85,4397.26,74.1,1,7.37,111.8,0,SL確定足突破
2026.09.08 13:20:19,T,600019,-1004472107780_2128,BUY,4389.98,4406.25,162.7,0,0.00,0.0,1,T:全決済
2026.09.08 14:21:04,F,600005,-1004472107780_2151,SELL,4401.54,4399.47,20.7,6,-7.45,4.8,6,F:半数決済(+20p)
2026.09.08 14:29:00,K,600010,-1004472107780_2137,BUY,4391.27,4402.26,109.9,1,10.98,163.8,0,SL確定足突破
2026.09.08 14:29:01,K,600010,-1004472107780_2133,BUY,4391.27,4402.26,109.9,5,48.39,167.3,0,SL確定足突破
2026.09.08 14:29:02,G,600006,-1004472107780_2133,BUY,4393.29,4402.26,89.7,2,16.84,178.7,0,SL確定足突破
2026.09.08 14:29:02,K,600010,-1004472107780_2128,BUY,4389.97,4402.26,122.9,1,12.02,194.8,0,SL確定足突破
2026.09.08 14:29:02,G,600006,-1004472107780_2128,BUY,4389.93,4402.26,123.3,1,12.06,194.7,0,SL確定足突破
2026.09.08 14:29:03,K,600010,-1004472107780_2124,BUY,4387.98,4402.26,142.8,3,40.51,201.7,0,SL確定足突破
2026.09.08 14:29:03,G,600006,-1004472107780_2124,BUY,4388.92,4402.26,133.4,1,13.03,206.8,0,SL確定足突破
2026.09.08 14:37:02,T,600019,-1004472107780_2151,SELL,4401.54,4405.97,-44.3,12,-86.62,20.2,0,SL確定足突破
2026.09.08 14:37:05,J,600009,-1004472107780_2151,SELL,4401.54,4405.97,-44.3,12,-87.68,20.2,0,SL確定足突破
2026.09.08 14:37:08,G,600006,-1004472107780_2151,SELL,4401.54,4405.97,-44.3,12,-87.88,20.3,0,SL確定足突破
2026.09.08 14:37:11,H,600007,-1004472107780_2151,SELL,4401.54,4405.97,-44.3,12,-95.28,20.3,0,SL確定足突破
2026.09.08 14:37:14,I,600008,-1004472107780_2151,SELL,4401.54,4405.97,-44.3,12,-90.35,20.2,0,SL確定足突破
2026.09.08 14:37:17,P,600015,-1004472107780_2151,SELL,4401.54,4405.97,-44.3,12,-92.40,20.4,0,SL確定足突破
2026.09.08 14:37:20,K,600010,-1004472107780_2151,SELL,4401.54,4405.97,-44.3,12,-96.94,20.5,0,SL確定足突破
2026.09.08 14:37:23,S,600018,-1004472107780_2151,SELL,4401.54,4405.97,-44.3,12,-91.98,20.3,0,SL確定足突破
2026.09.08 14:37:26,U,600020,-1004472107780_2151,SELL,4401.54,4405.97,-44.3,12,-96.52,20.6,0,SL確定足突破
2026.09.08 14:37:29,Q,600016,-1004472107780_2151,SELL,4401.54,4405.97,-44.3,12,-92.05,20.6,0,SL確定足突破
2026.09.08 14:37:32,C,600002,-1004472107780_2151,SELL,4401.54,4405.97,-44.3,12,-100.59,20.7,0,SL確定足突破
2026.09.08 14:37:35,E,600004,-1004472107780_2151,SELL,4401.54,4405.97,-44.3,12,-97.52,20.6,0,SL確定足突破
2026.09.08 14:37:38,M,600012,-1004472107780_2151,SELL,4401.54,4405.97,-44.3,12,-104.78,20.7,0,SL確定足突破
2026.09.08 15:14:04,R,600017,-1004472107780_2151,SELL,4399.02,4391.28,77.4,3,18.42,57.9,2,R:半数決済
2026.09.08 15:15:11,F,600005,-1004472107780_2159,SELL,4392.07,4389.79,22.8,1,2.79,1.1,0,F:半数決済(+20p)
2026.09.08 15:15:22,H,600007,-1004472107780_2159,SELL,4392.04,4387.91,41.3,1,4.13,1.3,0,H:TP1到達
2026.09.08 15:15:25,G,600006,-1004472107780_2159,SELL,4391.11,4386.21,49.0,1,4.82,1.3,0,G:1段目(+40p)
2026.09.08 15:15:31,E,600004,-1004472107780_2159,SELL,4391.77,4386.21,55.6,0,0.00,0.0,1,E:建値移動(決済なし)
2026.09.08 15:15:34,C,600002,-1004472107780_2159,SELL,4391.85,4386.21,56.4,1,5.65,1.5,0,C:TP1到達
2026.09.08 15:15:40,J,600009,-1004472107780_2159,SELL,4391.81,4386.21,56.0,1,5.81,1.6,0,J:TP1到達
2026.09.08 15:15:46,M,600012,-1004472107780_2159,SELL,4391.83,4386.21,56.2,1,3.99,1.7,0,C:TP1到達
2026.09.08 15:19:13,F,600005,-1004472107780_2163,SELL,4391.04,4389.03,20.1,3,1.86,1.1,2,F:半数決済(+20p)
2026.09.08 15:20:26,H,600007,-1004472107780_2163,SELL,4391.59,4387.32,42.7,3,5.78,2.3,3,H:TP1到達
2026.09.08 15:20:28,G,600006,-1004472107780_2163,SELL,4391.59,4387.32,42.7,2,2.97,2.6,4,G:1段目(+40p)
2026.09.08 15:20:33,M,600012,-1004472107780_2163,SELL,4391.59,4387.32,42.7,3,-2.73,2.4,3,C:TP1到達
2026.09.08 15:20:36,J,600009,-1004472107780_2163,SELL,4391.59,4387.32,42.7,3,-6.29,2.5,3,J:TP1到達
2026.09.08 15:20:38,C,600002,-1004472107780_2163,SELL,4391.59,4387.32,42.7,3,-8.33,3.2,3,C:TP1到達
2026.09.08 15:22:59,F,600005,-1004472107780_2167,SELL,4393.80,4391.67,21.3,1,2.13,0.7,0,F:半数決済(+20p)
2026.09.08 15:23:21,G,600006,-1004472107780_2167,SELL,4394.58,4390.53,40.5,1,3.84,1.1,0,G:1段目(+40p)
2026.09.08 15:26:02,T,600019,-1004472107780_2163,SELL,4394.64,4396.71,-20.7,12,-57.24,6.5,0,SL確定足突破
2026.09.08 15:26:05,U,600020,-1004472107780_2163,SELL,4394.64,4396.71,-20.7,12,-76.08,6.4,0,SL確定足突破
2026.09.08 15:26:06,G,600006,-1004472107780_2163,SELL,4391.59,4396.71,-51.2,4,-31.54,7.2,0,SL確定足突破
2026.09.08 15:26:09,S,600018,-1004472107780_2163,SELL,4394.64,4396.71,-20.7,12,-77.85,6.7,0,SL確定足突破
2026.09.08 15:26:12,P,600015,-1004472107780_2163,SELL,4394.64,4396.71,-20.7,12,-73.56,6.6,0,SL確定足突破
2026.09.08 15:26:15,K,600010,-1004472107780_2163,SELL,4394.64,4396.71,-20.7,12,-73.36,6.6,0,SL確定足突破
2026.09.08 15:26:17,E,600004,-1004472107780_2163,SELL,4394.64,4396.71,-20.7,12,-71.78,7.0,0,SL確定足突破
2026.09.08 15:26:21,Q,600016,-1004472107780_2163,SELL,4394.64,4396.71,-20.7,12,-67.21,6.9,0,SL確定足突破
2026.09.08 15:30:03,S,600018,-1004472107780_2167,SELL,4399.57,4401.93,-23.6,12,-78.61,4.3,0,SL確定足突破
2026.09.08 15:30:06,T,600019,-1004472107780_2167,SELL,4399.57,4401.93,-23.6,12,-85.60,4.3,0,SL確定足突破
2026.09.08 15:30:09,C,600002,-1004472107780_2167,SELL,4399.57,4401.93,-23.6,12,-75.35,4.4,0,SL確定足突破
2026.09.08 15:30:12,M,600012,-1004472107780_2167,SELL,4399.57,4401.93,-23.6,12,-70.86,4.4,0,SL確定足突破
2026.09.08 15:30:15,H,600007,-1004472107780_2167,SELL,4399.57,4401.93,-23.6,12,-59.22,4.5,0,SL確定足突破
2026.09.08 15:30:17,P,600015,-1004472107780_2167,SELL,4399.57,4401.93,-23.6,12,-57.55,4.5,0,SL確定足突破
2026.09.08 15:30:20,J,600009,-1004472107780_2167,SELL,4399.57,4401.93,-23.6,12,-56.48,4.6,0,SL確定足突破
2026.09.08 15:30:24,Q,600016,-1004472107780_2167,SELL,4399.57,4401.93,-23.6,12,-57.99,4.6,0,SL確定足突破
2026.09.08 15:30:27,U,600020,-1004472107780_2167,SELL,4399.57,4401.93,-23.6,12,-53.92,4.7,0,SL確定足突破
2026.09.08 15:30:29,E,600004,-1004472107780_2167,SELL,4399.57,4401.93,-23.6,12,-53.08,4.7,0,SL確定足突破
2026.09.08 15:30:33,K,600010,-1004472107780_2167,SELL,4399.57,4401.93,-23.6,12,-55.23,4.8,0,SL確定足突破
2026.09.08 15:30:36,I,600008,-1004472107780_2167,SELL,4399.57,4401.93,-23.6,12,-57.96,4.8,0,SL確定足突破
2026.09.08 15:30:39,K,600010,-1004472107780_2159,SELL,4398.63,4401.93,-33.0,12,-76.17,8.5,0,SL確定足突破
2026.09.08 15:39:41,F,600005,-1004472107780_2177,BUY,4398.93,4400.97,20.4,5,-2.43,2.7,4,F:半数決済(+20p)
2026.09.08 15:49:21,H,600007,-1004472107780_2177,BUY,4397.19,4401.25,40.6,6,-2.92,12.2,6,H:TP1到達
2026.09.08 15:49:26,M,600012,-1004472107780_2177,BUY,4397.19,4401.25,40.6,6,-2.33,12.3,6,C:TP1到達
2026.09.08 15:49:31,J,600009,-1004472107780_2177,BUY,4397.19,4401.25,40.6,6,-0.84,12.3,6,J:TP1到達
2026.09.08 15:49:33,G,600006,-1004472107780_2177,BUY,4397.19,4401.25,40.6,4,-2.47,12.9,8,G:1段目(+40p)
2026.09.08 15:49:36,C,600002,-1004472107780_2177,BUY,4397.19,4401.25,40.6,6,-0.52,12.4,6,C:TP1到達
2026.09.08 15:49:40,E,600004,-1004472107780_2177,BUY,4397.19,4401.62,44.3,0,0.00,0.0,12,E:建値移動(決済なし)
2026.09.08 15:49:42,E,600004,-1004472107780_2177,BUY,4397.19,4402.04,48.5,6,2.32,12.8,6,E:1.1倍水準到達
2026.09.08 15:55:33,R,600017,-1004472107780_2177,BUY,4397.19,4404.75,75.6,4,10.65,19.3,3,R:半数決済
2026.09.08 15:55:35,I,600008,-1004472107780_2177,BUY,4397.19,4404.75,75.6,6,19.90,18.5,6,I:TP1(半数)
2026.09.08 15:55:59,G,600006,-1004472107780_2177,BUY,4397.19,4405.19,80.0,4,20.37,17.7,4,G:2段目(+80p)
2026.09.08 15:56:01,T,600019,-1004472107780_2177,BUY,4397.19,4405.19,80.0,5,20.44,19.0,5,T:半数決済
2026.09.08 15:56:10,E,600004,-1004472107780_2177,BUY,4397.19,4406.01,88.2,6,45.85,16.1,0,E:2.0倍水準到達
2026.09.08 15:57:35,H,600007,-1004472107780_2177,BUY,4397.19,4407.28,100.9,0,0.00,0.0,6,H:建値移動(決済なし)
2026.09.08 15:57:36,P,600015,-1004472107780_2177,BUY,4397.19,4407.28,100.9,5,28.64,20.6,5,P:半数決済
2026.09.08 15:57:38,S,600018,-1004472107780_2177,BUY,4397.19,4407.28,100.9,4,19.44,20.8,6,S:1段目
2026.09.08 15:59:01,Q,600016,-1004472107780_2177,BUY,4397.19,4409.22,120.3,5,42.90,21.5,4,Q:半数決済
2026.09.08 16:00:02,R,600017,-1004472107780_2177,BUY,4397.19,4412.20,150.1,0,0.00,0.0,1,R:全決済
2026.09.08 16:00:03,U,600020,-1004472107780_2177,BUY,4397.19,4412.20,150.1,4,51.25,21.7,3,U:半数決済
2026.09.08 16:03:03,Q,600016,-1004472107780_2177,BUY,4397.19,4403.68,64.9,4,22.60,22.1,0,SL確定足突破
2026.09.08 16:03:40,F,600005,-1004472107780_2183,BUY,4403.48,4405.51,20.3,3,4.11,1.1,3,F:半数決済(+20p)
2026.09.08 16:05:22,M,600012,-1004472107780_2183,BUY,4402.94,4406.96,40.2,4,9.37,2.9,3,C:TP1到達
2026.09.08 16:05:25,G,600006,-1004472107780_2183,BUY,4402.94,4406.96,40.2,3,5.49,2.9,4,G:1段目(+40p)
2026.09.08 16:05:31,C,600002,-1004472107780_2183,BUY,4402.94,4406.96,40.2,4,9.27,2.8,3,C:TP1到達
2026.09.08 16:05:34,H,600007,-1004472107780_2183,BUY,4402.94,4406.96,40.2,4,7.83,3.2,3,H:TP1到達
2026.09.08 16:05:37,J,600009,-1004472107780_2183,BUY,4402.94,4406.96,40.2,4,7.58,3.1,3,J:TP1到達
2026.09.08 16:12:35,E,600004,-1004472107780_2183,BUY,4402.94,4407.56,46.2,0,0.00,0.0,7,E:建値移動(決済なし)
2026.09.08 16:12:41,E,600004,-1004472107780_2183,BUY,4402.94,4407.83,48.9,4,15.19,9.9,3,E:1.1倍水準到達
2026.09.08 16:23:07,F,600005,-1004472107780_2188,BUY,4405.05,4407.12,20.7,2,4.24,0.6,1,F:半数決済(+20p)
2026.09.08 16:30:23,H,600007,-1004472107780_2188,BUY,4400.25,4404.25,40.0,6,-1.90,6.6,6,H:TP1到達
2026.09.08 16:30:26,C,600002,-1004472107780_2188,BUY,4400.25,4404.25,40.0,6,2.11,7.2,6,C:TP1到達
2026.09.08 16:30:30,M,600012,-1004472107780_2188,BUY,4400.25,4404.25,40.0,6,-4.36,7.3,6,C:TP1到達
2026.09.08 16:30:35,J,600009,-1004472107780_2188,BUY,4400.25,4404.25,40.0,6,-4.89,6.8,6,J:TP1到達
2026.09.08 16:30:37,G,600006,-1004472107780_2188,BUY,4400.25,4404.25,40.0,4,-5.52,8.4,8,G:1段目(+40p)
2026.09.08 16:30:49,E,600004,-1004472107780_2188,BUY,4400.25,4404.67,44.2,0,0.00,0.0,12,E:建値移動(決済なし)
2026.09.08 16:30:54,E,600004,-1004472107780_2188,BUY,4400.25,4405.11,48.6,6,6.01,7.7,6,E:1.1倍水準到達
2026.09.08 16:33:26,F,600005,-1004472107780_2192,BUY,4399.45,4401.59,21.4,3,4.23,0.8,3,F:半数決済(+20p)
2026.09.08 16:33:39,J,600009,-1004472107780_2192,BUY,4399.45,4403.66,42.1,3,8.51,1.0,3,J:TP1到達
2026.09.08 16:33:43,M,600012,-1004472107780_2192,BUY,4399.45,4403.66,42.1,3,9.39,1.1,3,C:TP1到達
2026.09.08 16:33:46,C,600002,-1004472107780_2192,BUY,4399.45,4403.66,42.1,3,8.84,1.0,3,C:TP1到達
2026.09.08 16:33:53,H,600007,-1004472107780_2192,BUY,4399.45,4403.66,42.1,3,12.05,1.3,3,H:TP1到達
2026.09.08 16:33:55,G,600006,-1004472107780_2192,BUY,4399.45,4403.66,42.1,2,7.83,1.2,4,G:1段目(+40p)
2026.09.08 16:33:58,E,600004,-1004472107780_2192,BUY,4399.45,4403.90,44.5,0,0.00,0.0,7,E:建値移動(決済なし)
2026.09.08 16:35:03,U,600020,-1004472107780_2188,BUY,4400.25,4398.29,-19.6,12,-58.52,10.2,0,SL確定足突破
2026.09.08 16:35:06,K,600010,-1004472107780_2188,BUY,4400.25,4398.29,-19.6,12,-60.32,10.4,0,SL確定足突破
2026.09.08 16:35:08,G,600006,-1004472107780_2188,BUY,4400.25,4398.29,-19.6,8,-32.51,9.2,0,SL確定足突破
2026.09.08 16:35:09,G,600006,-1004472107780_2183,BUY,4402.94,4398.29,-46.5,4,-23.85,32.1,0,SL確定足突破
2026.09.08 16:35:11,K,600010,-1004472107780_2183,BUY,4400.25,4398.29,-19.6,12,-59.70,22.5,0,SL確定足突破
2026.09.08 16:42:02,K,600010,-1004472107780_2177,BUY,4397.19,4395.20,-19.9,12,-60.21,63.5,0,SL確定足突破
2026.09.08 16:42:03,G,600006,-1004472107780_2177,BUY,4397.19,4395.20,-19.9,4,-13.19,61.1,0,SL確定足突破
2026.09.08 16:43:18,K,600010,-1004472107780_2192,BUY,4396.00,4392.69,-33.1,12,-72.94,9.2,0,SL確定足突破
2026.09.08 16:43:19,G,600006,-1004472107780_2192,BUY,4399.45,4392.69,-67.6,4,-28.99,10.3,0,SL確定足突破
2026.09.08 16:43:25,F,600005,-1004472107780_2197,BUY,4390.88,4392.94,20.6,1,2.17,0.8,0,F:半数決済(+20p)
2026.09.08 16:43:50,J,600009,-1004472107780_2197,BUY,4390.83,4395.06,42.3,1,3.96,1.2,0,J:TP1到達
2026.09.08 16:43:53,H,600007,-1004472107780_2197,BUY,4390.97,4395.06,40.9,1,3.87,1.2,0,H:TP1到達
2026.09.08 16:43:56,C,600002,-1004472107780_2197,BUY,4390.85,4395.06,42.1,1,3.97,1.3,0,C:TP1到達
2026.09.08 16:43:59,G,600006,-1004472107780_2197,BUY,4390.99,4395.06,40.7,1,3.95,1.4,0,G:1段目(+40p)
2026.09.08 16:44:09,E,600004,-1004472107780_2197,BUY,4390.96,4395.53,45.7,0,0.00,0.0,1,E:建値移動(決済なし)
2026.09.08 16:44:21,E,600004,-1004472107780_2197,BUY,4390.96,4396.51,55.5,1,6.44,1.8,0,E:1.1倍水準到達
2026.09.08 16:45:12,I,600008,-1004472107780_2197,BUY,4391.02,4399.04,80.2,1,8.28,2.6,0,I:TP1(半数)
2026.09.08 16:45:12,R,600017,-1004472107780_2197,BUY,4390.88,4399.04,81.6,1,8.47,2.6,0,R:半数決済
2026.09.08 16:45:12,T,600019,-1004472107780_2197,BUY,4390.82,4399.04,82.2,1,8.53,2.6,0,T:半数決済
2026.09.08 16:47:15,S,600018,-1004472107780_2197,BUY,4390.96,4400.97,100.1,1,9.99,4.7,1,S:1段目
2026.09.08 16:48:13,K,600010,-1004472107780_2197,BUY,4390.84,4398.89,80.5,1,8.09,5.6,0,K:TP1_HIT(半数)
2026.09.08 16:48:34,P,600015,-1004472107780_2197,BUY,4391.39,4402.03,106.4,1,10.69,6.0,0,P:半数決済
2026.09.08 16:49:59,Q,600016,-1004472107780_2197,BUY,4390.96,4403.07,121.1,1,12.11,7.4,0,Q:半数決済
2026.09.08 16:54:21,F,600005,-1004472107780_2201,BUY,4397.44,4399.65,22.1,4,2.75,2.2,4,F:半数決済(+20p)
2026.09.08 16:54:38,C,600002,-1004472107780_2201,BUY,4397.43,4401.44,40.1,4,5.12,2.7,4,C:TP1到達
2026.09.08 16:54:40,G,600006,-1004472107780_2201,BUY,4397.43,4401.44,40.1,3,8.04,2.6,5,G:1段目(+40p)
2026.09.08 16:54:43,H,600007,-1004472107780_2201,BUY,4397.43,4401.44,40.1,4,8.32,2.7,4,H:TP1到達
2026.09.08 16:54:48,J,600009,-1004472107780_2201,BUY,4397.43,4401.44,40.1,4,7.66,2.8,4,J:TP1到達
2026.09.08 16:54:51,E,600004,-1004472107780_2201,BUY,4397.43,4402.45,50.2,0,0.00,0.0,8,E:建値移動(決済なし)
2026.09.08 16:55:07,E,600004,-1004472107780_2201,BUY,4397.43,4404.23,68.0,4,18.73,3.3,4,E:1.1倍水準到達
2026.09.08 16:55:08,I,600008,-1004472107780_2201,BUY,4397.43,4405.04,76.1,4,19.08,3.3,4,I:TP1(半数)
2026.09.08 16:55:10,R,600017,-1004472107780_2201,BUY,4397.43,4405.04,76.1,4,21.13,3.1,4,R:半数決済
2026.09.08 16:55:21,G,600006,-1004472107780_2201,BUY,4397.43,4405.69,82.6,3,23.86,3.1,2,G:2段目(+80p)
2026.09.08 16:55:22,T,600019,-1004472107780_2201,BUY,4397.43,4405.69,82.6,4,23.54,3.6,4,T:半数決済
2026.09.08 16:55:23,U,600020,-1004472107780_2197,BUY,4390.84,4405.93,150.9,1,15.20,12.8,0,U:半数決済
2026.09.08 16:55:50,E,600004,-1004472107780_2201,BUY,4397.43,4406.43,90.0,4,33.85,3.7,0,E:2.0倍水準到達
2026.09.08 16:56:16,P,600015,-1004472107780_2201,BUY,4397.43,4407.43,100.0,4,29.04,4.3,4,P:半数決済
2026.09.08 16:56:17,H,600007,-1004472107780_2201,BUY,4397.43,4407.43,100.0,0,0.00,0.0,4,H:建値移動(決済なし)
2026.09.08 16:56:18,S,600018,-1004472107780_2201,BUY,4397.43,4407.43,100.0,3,19.36,4.5,5,S:1段目
2026.09.08 17:42:00,G,600006,-1004472107780_2201,BUY,4397.43,4393.02,-44.1,2,-8.78,49.8,0,SL確定足突破
2026.09.08 17:42:03,K,600010,-1004472107780_2201,BUY,4395.23,4393.02,-22.1,12,-60.71,47.4,0,SL確定足突破
2026.09.08 17:52:52,F,600005,-1004472107780_2214,SELL,4391.62,4389.56,20.6,3,5.45,1.0,3,F:半数決済(+20p)
2026.09.08 18:00:02,J,600009,-1004472107780_2214,SELL,4394.69,4398.58,-38.9,12,-89.89,7.0,0,SL確定足突破
2026.09.08 18:00:05,P,600015,-1004472107780_2214,SELL,4394.69,4398.58,-38.9,12,-86.05,7.0,0,SL確定足突破
2026.09.08 18:00:09,G,600006,-1004472107780_2214,SELL,4394.69,4398.58,-38.9,12,-80.70,7.4,0,SL確定足突破
2026.09.08 18:00:11,S,600018,-1004472107780_2214,SELL,4394.69,4398.58,-38.9,12,-86.42,7.1,0,SL確定足突破
2026.09.08 18:00:15,H,600007,-1004472107780_2214,SELL,4394.69,4398.58,-38.9,12,-79.34,7.4,0,SL確定足突破
2026.09.08 18:00:17,I,600008,-1004472107780_2214,SELL,4394.69,4398.58,-38.9,12,-81.24,7.4,0,SL確定足突破
2026.09.08 18:00:20,R,600017,-1004472107780_2214,SELL,4394.69,4398.58,-38.9,12,-84.47,7.4,0,SL確定足突破
2026.09.08 18:00:24,T,600019,-1004472107780_2214,SELL,4394.69,4398.58,-38.9,12,-84.98,7.3,0,SL確定足突破
2026.09.08 18:00:27,E,600004,-1004472107780_2214,SELL,4394.69,4398.58,-38.9,12,-82.75,7.5,0,SL確定足突破
2026.09.08 18:00:30,K,600010,-1004472107780_2214,SELL,4394.69,4398.58,-38.9,12,-84.22,7.6,0,SL確定足突破
2026.09.08 18:00:32,U,600020,-1004472107780_2214,SELL,4394.69,4398.58,-38.9,12,-78.95,7.5,0,SL確定足突破
2026.09.08 18:00:35,M,600012,-1004472107780_2214,SELL,4394.69,4398.58,-38.9,12,-79.33,7.9,0,SL確定足突破
2026.09.08 18:00:38,Q,600016,-1004472107780_2214,SELL,4394.69,4398.58,-38.9,12,-72.79,8.0,0,SL確定足突破
2026.09.08 18:00:41,C,600002,-1004472107780_2214,SELL,4394.69,4398.58,-38.9,12,-80.21,7.6,0,SL確定足突破
2026.09.08 18:15:43,T,600019,-1004472107780_2192,BUY,4400.35,4408.41,80.6,1,8.38,103.3,0,T:半数決済
2026.09.08 19:09:55,R,600017,-1004472107780_2151,SELL,4399.02,4383.97,150.5,0,0.00,0.0,1,R:全決済
2026.09.08 19:09:59,I,600008,-1004472107780_2163,SELL,4389.80,4382.01,77.9,1,7.92,232.7,1,I:TP1(半数)
2026.09.08 21:48:16,M,600012,-1004472107780_2163,SELL,4391.59,4379.29,123.0,0,0.00,0.0,1,C:TP2到達
2026.09.08 21:48:16,C,600002,-1004472107780_2163,SELL,4391.59,4379.29,123.0,2,25.79,387.7,0,C:TP2到達
2026.09.08 21:48:45,I,600008,-1004472107780_2163,SELL,4389.80,4374.30,155.0,0,0.00,0.0,1,I:TP2(全決済)
2026.09.09 09:06:45,F,600005,-1004472107780_2221,SELL,4405.37,4403.10,22.7,3,5.54,1.2,2,F:半数決済(+20p)
2026.09.09 09:07:35,H,600007,-1004472107780_2221,SELL,4405.31,4401.30,40.1,3,11.45,1.8,2,H:TP1到達
2026.09.09 09:07:45,C,600002,-1004472107780_2221,SELL,4405.15,4401.14,40.1,3,11.62,2.0,2,C:TP1到達
2026.09.09 09:07:53,G,600006,-1004472107780_2221,SELL,4405.03,4401.01,40.2,2,7.53,2.3,3,G:1段目(+40p)
2026.09.09 09:07:59,E,600004,-1004472107780_2221,SELL,4404.88,4400.47,44.1,0,0.00,0.0,5,E:建値移動(決済なし)
2026.09.09 09:08:02,J,600009,-1004472107780_2221,SELL,4404.71,4400.47,42.4,2,7.84,2.3,2,J:TP1到達
2026.09.09 09:10:15,E,600004,-1004472107780_2221,SELL,4404.88,4399.70,51.8,3,15.65,4.6,2,E:1.1倍水準到達
2026.09.09 09:21:55,R,600017,-1004472107780_2221,SELL,4405.37,4397.87,75.0,3,21.50,16.4,2,R:半数決済
2026.09.09 09:22:08,I,600008,-1004472107780_2221,SELL,4404.97,4397.45,75.2,3,21.62,16.4,2,I:TP1(半数)
2026.09.09 09:27:29,G,600006,-1004472107780_2221,SELL,4405.03,4397.03,80.0,2,15.98,21.8,1,G:2段目(+80p)
2026.09.09 09:27:36,T,600019,-1004472107780_2221,SELL,4404.93,4396.90,80.3,3,23.78,21.8,2,T:半数決済
2026.09.09 09:28:59,E,600004,-1004472107780_2221,SELL,4404.88,4395.60,92.8,2,18.67,23.2,0,E:2.0倍水準到達
2026.09.09 09:29:00,H,600007,-1004472107780_2221,SELL,4405.31,4395.29,100.2,0,0.00,0.0,2,H:建値移動(決済なし)
2026.09.09 10:45:56,S,600018,-1004472107780_2192,BUY,4400.70,4410.70,100.0,1,9.25,1093.1,0,S:1段目
2026.09.09 10:45:57,I,600008,-1004472107780_2188,BUY,4403.43,4410.93,75.0,3,13.80,1103.4,3,I:TP1(半数)
2026.09.09 10:46:00,P,600015,-1004472107780_2192,BUY,4401.01,4411.07,100.6,1,8.97,1093.2,1,P:半数決済
2026.09.09 10:46:00,G,600006,-1004472107780_2221,SELL,4405.03,4411.07,-60.4,1,-6.33,100.3,0,SL確定足突破
2026.09.09 10:46:02,K,600010,-1004472107780_2221,SELL,4406.03,4411.07,-50.4,7,-44.61,82.0,0,SL確定足突破
2026.09.09 11:50:10,F,600005,-1004472107780_2230,SELL,4401.89,4399.80,20.9,3,5.80,1.2,2,F:半数決済(+20p)
2026.09.09 12:11:37,C,600002,-1004472107780_2230,SELL,4403.11,4398.66,44.5,4,12.09,22.9,3,C:TP1到達
2026.09.09 12:11:41,M,600012,-1004472107780_2230,SELL,4403.11,4398.66,44.5,4,11.16,23.1,3,C:TP1到達
2026.09.09 12:11:45,J,600009,-1004472107780_2230,SELL,4403.11,4398.66,44.5,4,11.02,22.8,3,J:TP1到達
2026.09.09 12:11:48,G,600006,-1004472107780_2230,SELL,4403.11,4398.66,44.5,3,8.98,23.0,4,G:1段目(+40p)
2026.09.09 12:11:51,H,600007,-1004472107780_2230,SELL,4403.11,4398.66,44.5,4,12.32,23.0,3,H:TP1到達
2026.09.09 12:11:54,E,600004,-1004472107780_2230,SELL,4403.11,4398.66,44.5,0,0.00,0.0,7,E:建値移動(決済なし)
2026.09.09 12:13:13,E,600004,-1004472107780_2230,SELL,4403.11,4398.23,48.8,4,14.88,24.4,3,E:1.1倍水準到達
2026.09.09 12:42:23,R,600017,-1004472107780_2230,SELL,4403.11,4395.60,75.1,1,7.51,46.2,0,R:半数決済
2026.09.09 12:42:24,I,600008,-1004472107780_2230,SELL,4403.11,4395.60,75.1,4,24.24,53.8,3,I:TP1(半数)
2026.09.09 12:45:39,G,600006,-1004472107780_2230,SELL,4403.11,4395.03,80.8,2,13.84,56.7,2,G:2段目(+80p)
2026.09.09 12:45:40,T,600019,-1004472107780_2230,SELL,4403.11,4395.03,80.8,4,27.41,57.0,3,T:半数決済
2026.09.09 12:46:18,E,600004,-1004472107780_2230,SELL,4403.11,4394.25,88.6,3,24.73,52.9,0,E:2.0倍水準到達
2026.09.09 12:50:48,P,600015,-1004472107780_2230,SELL,4403.11,4393.11,100.0,4,34.66,62.3,3,P:半数決済
2026.09.09 12:50:50,S,600018,-1004472107780_2230,SELL,4403.11,4393.11,100.0,3,25.44,62.2,4,S:1段目
2026.09.09 12:50:50,H,600007,-1004472107780_2230,SELL,4403.11,4393.11,100.0,0,0.00,0.0,3,H:建値移動(決済なし)
2026.09.09 12:55:04,Q,600016,-1004472107780_2230,SELL,4403.11,4391.11,120.0,4,43.47,66.5,3,Q:半数決済
2026.09.09 12:59:31,F,600005,-1004472107780_2237,BUY,4388.94,4390.95,20.1,5,-4.30,5.2,4,F:半数決済(+20p)
2026.09.09 13:01:29,U,600020,-1004472107780_2230,SELL,4403.11,4388.09,150.2,4,53.36,72.5,3,U:半数決済
2026.09.09 13:01:47,T,600019,-1004472107780_2230,SELL,4403.11,4387.09,160.2,0,0.00,0.0,1,T:全決済
2026.09.09 13:04:27,M,600012,-1004472107780_2237,BUY,4387.50,4391.50,40.0,6,2.13,9.3,5,C:TP1到達
2026.09.09 13:04:31,C,600002,-1004472107780_2237,BUY,4387.50,4391.50,40.0,6,-0.85,9.9,6,C:TP1到達
2026.09.09 13:04:37,J,600009,-1004472107780_2237,BUY,4387.50,4391.50,40.0,6,-1.49,10.2,6,J:TP1到達
2026.09.09 13:04:44,H,600007,-1004472107780_2237,BUY,4387.50,4391.50,40.0,6,-3.76,10.1,6,H:TP1到達
2026.09.09 13:04:45,G,600006,-1004472107780_2237,BUY,4387.50,4391.50,40.0,4,-9.22,10.7,8,G:1段目(+40p)
2026.09.09 13:05:22,E,600004,-1004472107780_2237,BUY,4387.50,4391.95,44.5,0,0.00,0.0,12,E:建値移動(決済なし)
2026.09.09 13:07:02,E,600004,-1004472107780_2237,BUY,4387.50,4392.33,48.3,6,5.64,12.3,5,E:1.1倍水準到達
2026.09.09 13:20:00,Q,600016,-1004472107780_2230,SELL,4403.11,4394.46,86.5,3,23.89,86.7,0,SL確定足突破
2026.09.09 13:20:03,I,600008,-1004472107780_2237,BUY,4387.50,4395.14,76.4,4,11.98,26.0,4,I:TP1(半数)
2026.09.09 13:20:06,R,600017,-1004472107780_2237,BUY,4387.50,4395.14,76.4,5,15.80,25.8,5,R:半数決済
2026.09.09 13:20:11,G,600006,-1004472107780_2237,BUY,4387.50,4395.57,80.7,4,21.72,24.4,4,G:2段目(+80p)
2026.09.09 13:20:12,T,600019,-1004472107780_2237,BUY,4387.50,4395.57,80.7,3,16.00,22.8,2,T:半数決済
2026.09.09 13:33:35,E,600004,-1004472107780_2237,BUY,4387.50,4396.37,88.7,4,33.14,32.9,0,E:2.0倍水準到達
2026.09.09 13:37:02,S,600018,-1004472107780_2237,BUY,4387.50,4397.52,100.2,2,10.10,44.3,4,S:1段目
2026.09.09 13:37:02,H,600007,-1004472107780_2237,BUY,4387.50,4397.52,100.2,0,0.00,0.0,4,H:建値移動(決済なし)
2026.09.09 13:37:03,P,600015,-1004472107780_2237,BUY,4387.50,4397.52,100.2,3,22.85,39.7,2,P:半数決済
2026.09.09 13:47:32,F,600005,-1004472107780_2246,BUY,4394.45,4396.57,21.2,2,3.23,3.7,2,F:半数決済(+20p)
2026.09.09 13:48:14,G,600006,-1004472107780_2246,BUY,4394.45,4398.50,40.5,2,6.86,4.3,2,G:1段目(+40p)
2026.09.09 13:48:17,C,600002,-1004472107780_2246,BUY,4394.45,4398.50,40.5,2,6.73,4.4,2,C:TP1到達
2026.09.09 13:48:21,H,600007,-1004472107780_2246,BUY,4394.45,4398.50,40.5,2,6.02,4.5,2,H:TP1到達
2026.09.09 13:48:36,M,600012,-1004472107780_2246,BUY,4394.75,4398.90,41.5,2,7.17,4.5,1,C:TP1到達
2026.09.09 13:48:39,J,600009,-1004472107780_2246,BUY,4394.75,4398.90,41.5,2,6.96,4.5,1,J:TP1到達
2026.09.09 13:48:58,E,600004,-1004472107780_2246,BUY,4394.72,4399.23,45.1,0,0.00,0.0,3,E:建値移動(決済なし)
2026.09.09 13:49:37,M,600012,-1004472107780_2237,BUY,4387.50,4399.51,120.1,0,0.00,0.0,1,C:TP2到達
2026.09.09 13:49:37,Q,600016,-1004472107780_2237,BUY,4387.50,4399.51,120.1,3,28.41,52.3,2,Q:半数決済
2026.09.09 13:49:38,E,600004,-1004472107780_2246,BUY,4394.72,4399.56,48.4,2,9.58,5.5,1,E:1.1倍水準到達
2026.09.09 13:54:42,I,600008,-1004472107780_2246,BUY,4394.68,4402.19,75.1,2,14.33,10.8,2,I:TP1(半数)
2026.09.09 13:54:45,R,600017,-1004472107780_2246,BUY,4394.73,4402.25,75.2,2,14.39,10.7,1,R:半数決済
2026.09.09 13:55:09,G,600006,-1004472107780_2246,BUY,4394.45,4402.64,81.9,1,7.56,11.2,1,G:2段目(+80p)
2026.09.09 13:55:09,U,600020,-1004472107780_2237,BUY,4387.50,4402.64,151.4,2,27.87,55.4,2,U:半数決済
2026.09.09 13:55:58,T,600019,-1004472107780_2246,BUY,4395.10,4403.23,81.3,2,16.09,12.0,1,T:半数決済
2026.09.09 14:02:01,E,600004,-1004472107780_2246,BUY,4394.72,4403.51,87.9,1,8.60,17.6,0,E:2.0倍水準到達
2026.09.09 14:10:22,S,600018,-1004472107780_2246,BUY,4394.54,4404.64,101.0,2,19.61,26.5,2,S:1段目
2026.09.09 14:10:23,P,600015,-1004472107780_2246,BUY,4394.45,4404.64,101.9,2,18.79,26.6,2,P:半数決済
2026.09.09 14:10:23,H,600007,-1004472107780_2246,BUY,4394.45,4404.64,101.9,0,0.00,0.0,2,H:建値移動(決済なし)
2026.09.09 14:16:45,F,600005,-1004472107780_2253,BUY,4401.48,4403.48,20.0,4,-0.70,2.6,4,F:半数決済(+20p)
2026.09.09 14:24:24,H,600007,-1004472107780_2253,BUY,4401.48,4405.48,40.0,4,7.67,10.4,4,H:TP1到達
2026.09.09 14:24:29,M,600012,-1004472107780_2253,BUY,4401.48,4405.48,40.0,4,5.56,10.6,4,C:TP1到達
2026.09.09 14:24:34,C,600002,-1004472107780_2253,BUY,4401.48,4405.48,40.0,4,6.88,10.6,4,C:TP1到達
2026.09.09 14:24:38,J,600009,-1004472107780_2253,BUY,4401.48,4405.48,40.0,4,8.08,10.4,4,J:TP1到達
2026.09.09 14:24:41,G,600006,-1004472107780_2253,BUY,4401.48,4405.48,40.0,3,5.25,10.3,5,G:1段目(+40p)
2026.09.09 14:25:03,E,600004,-1004472107780_2253,BUY,4401.48,4406.27,47.9,0,0.00,0.0,8,E:建値移動(決済なし)
2026.09.09 14:25:04,E,600004,-1004472107780_2253,BUY,4401.48,4406.46,49.8,4,12.10,11.1,4,E:1.1倍水準到達
2026.09.09 14:25:25,Q,600016,-1004472107780_2246,BUY,4394.75,4406.76,120.1,2,23.11,41.3,1,Q:半数決済
2026.09.09 14:26:20,S,600018,-1004472107780_2237,BUY,4387.50,4407.56,200.6,2,38.73,86.6,2,S:2段目
2026.09.09 14:26:21,G,600006,-1004472107780_2237,BUY,4387.50,4407.56,200.6,4,79.77,85.7,0,G:3段目(+200p)
2026.09.09 14:27:00,G,600006,-1004472107780_2230,SELL,4403.11,4408.00,-48.9,2,-10.23,151.3,0,SL確定足突破
2026.09.09 14:27:02,K,600010,-1004472107780_2230,SELL,4403.11,4408.00,-48.9,7,-40.19,156.1,0,SL確定足突破
2026.09.09 14:27:29,I,600008,-1004472107780_2253,BUY,4401.48,4408.98,75.0,4,20.38,13.4,4,I:TP1(半数)
2026.09.09 14:27:30,R,600017,-1004472107780_2253,BUY,4401.48,4408.98,75.0,2,13.14,11.6,1,R:半数決済
2026.09.09 14:49:03,T,600019,-1004472107780_2253,BUY,4401.48,4409.84,83.6,4,27.25,34.6,3,T:半数決済
2026.09.09 14:49:05,G,600006,-1004472107780_2253,BUY,4401.48,4409.84,83.6,3,17.67,34.1,2,G:2段目(+80p)
2026.09.09 14:49:07,E,600004,-1004472107780_2253,BUY,4401.48,4410.34,88.6,4,32.77,33.6,0,E:2.0倍水準到達
2026.09.09 14:49:07,U,600020,-1004472107780_2246,BUY,4395.10,4410.34,152.4,2,33.23,65.1,1,U:半数決済
2026.09.09 14:49:07,H,600007,-1004472107780_2253,BUY,4401.48,4411.88,104.0,0,0.00,0.0,4,H:建値移動(決済なし)
2026.09.09 14:49:07,S,600018,-1004472107780_2253,BUY,4401.48,4411.88,104.0,2,18.48,34.1,2,S:1段目
2026.09.09 14:49:09,P,600015,-1004472107780_2253,BUY,4401.48,4411.88,104.0,4,30.65,34.7,3,P:半数決済
2026.09.09 14:49:55,Q,600016,-1004472107780_2253,BUY,4401.48,4414.34,128.6,4,43.59,35.6,3,Q:半数決済
2026.09.09 14:49:55,T,600019,-1004472107780_2188,BUY,4405.32,4414.34,90.2,1,7.26,1347.4,0,T:半数決済
2026.09.09 14:49:58,G,600006,-1004472107780_2246,BUY,4394.45,4414.59,201.4,1,19.70,65.9,0,G:3段目(+200p)
2026.09.09 14:49:58,S,600018,-1004472107780_2246,BUY,4394.54,4414.59,200.5,1,19.33,65.9,1,S:2段目
2026.09.09 14:50:22,S,600018,-1004472107780_2188,BUY,4404.98,4415.06,100.8,1,7.98,1348.2,2,S:1段目
2026.09.09 14:50:42,P,600015,-1004472107780_2188,BUY,4405.10,4415.48,103.8,2,17.98,1348.2,1,P:半数決済
2026.09.09 14:55:00,Q,600016,-1004472107780_2253,BUY,4401.48,4407.14,56.6,3,15.80,39.0,0,SL確定足突破
2026.09.09 14:55:01,Q,600016,-1004472107780_2246,BUY,4394.75,4407.14,123.9,1,12.26,70.6,0,SL確定足突破
2026.09.09 14:55:01,Q,600016,-1004472107780_2237,BUY,4387.50,4407.14,196.4,2,38.37,113.4,0,SL確定足突破
2026.09.09 15:04:00,S,600018,-1004472107780_2246,BUY,4394.54,4405.01,104.7,1,10.35,79.9,0,SL確定足突破
2026.09.09 15:04:00,S,600018,-1004472107780_2237,BUY,4387.50,4405.01,175.1,2,34.62,122.4,0,SL確定足突破
2026.09.09 15:20:02,K,600010,-1004472107780_2253,BUY,4399.41,4396.62,-27.9,12,-61.53,45.5,0,SL確定足突破
2026.09.09 15:20:03,G,600006,-1004472107780_2253,BUY,4401.48,4396.62,-48.6,2,-10.45,63.9,0,SL確定足突破
2026.09.09 15:27:24,F,600005,-1004472107780_2265,BUY,4394.59,4396.64,20.5,2,3.63,1.4,2,F:半数決済(+20p)
2026.09.09 15:34:42,C,600002,-1004472107780_2265,BUY,4392.49,4396.62,41.3,4,7.61,8.6,4,C:TP1到達
2026.09.09 15:34:49,J,600009,-1004472107780_2265,BUY,4392.49,4396.62,41.3,4,8.87,8.7,4,J:TP1到達
2026.09.09 15:34:52,G,600006,-1004472107780_2265,BUY,4392.49,4396.62,41.3,3,6.14,8.6,5,G:1段目(+40p)
2026.09.09 15:34:55,H,600007,-1004472107780_2265,BUY,4392.49,4396.62,41.3,4,8.86,8.7,4,H:TP1到達
2026.09.09 15:35:05,E,600004,-1004472107780_2265,BUY,4392.49,4397.11,46.2,0,0.00,0.0,8,E:建値移動(決済なし)
2026.09.09 15:35:50,E,600004,-1004472107780_2265,BUY,4392.49,4397.51,50.2,4,6.48,10.0,4,E:1.1倍水準到達
2026.09.09 15:57:01,G,600006,-1004472107780_2265,BUY,4392.49,4400.95,84.6,3,21.54,28.2,2,G:2段目(+80p)
2026.09.09 16:02:43,U,600020,-1004472107780_2265,BUY,4391.00,4406.00,150.0,6,74.56,35.2,5,U:半数決済
2026.09.09 16:11:15,G,600006,-1004472107780_2265,BUY,4392.49,4412.56,200.7,2,39.74,40.9,0,G:3段目(+200p)
2026.09.09 16:11:48,F,600005,-1004472107780_2276,SELL,4413.50,4411.33,21.7,6,-7.93,2.3,6,F:半数決済(+20p)
2026.09.09 16:19:08,Q,600016,-1004472107780_2188,BUY,4405.00,4417.13,121.3,2,20.95,1436.8,1,Q:半数決済
2026.09.09 16:19:25,K,600010,-1004472107780_2276,SELL,4413.50,4417.56,-40.6,12,-76.96,9.2,0,K:HIT_SL
2026.09.09 16:19:29,K,600010,-1004472107780_2265,BUY,4391.00,4417.88,268.8,11,270.51,48.1,0,K:HIT_SL
2026.09.09 16:19:30,K,600010,-1004472107780_2246,BUY,4394.45,4417.51,230.6,4,91.33,155.5,0,K:HIT_SL
2026.09.09 16:19:32,K,600010,-1004472107780_2237,BUY,4387.50,4417.69,301.9,12,329.26,202.7,0,K:HIT_SL
2026.09.09 16:20:03,Q,600016,-1004472107780_2276,SELL,4413.50,4417.23,-37.3,12,-72.44,9.8,0,SL確定足突破
2026.09.09 16:20:06,G,600006,-1004472107780_2276,SELL,4413.50,4417.23,-37.3,12,-60.27,9.9,0,SL確定足突破
2026.09.09 16:20:09,E,600004,-1004472107780_2276,SELL,4413.50,4417.23,-37.3,12,-55.40,9.9,0,SL確定足突破
2026.09.09 16:20:12,C,600002,-1004472107780_2276,SELL,4413.50,4417.23,-37.3,12,-51.43,10.0,0,SL確定足突破
2026.09.09 16:20:15,J,600009,-1004472107780_2276,SELL,4413.50,4417.23,-37.3,12,-49.34,10.0,0,SL確定足突破
2026.09.09 16:20:18,H,600007,-1004472107780_2276,SELL,4413.50,4417.23,-37.3,12,-54.52,10.1,0,SL確定足突破
2026.09.09 16:20:22,S,600018,-1004472107780_2276,SELL,4413.50,4417.23,-37.3,12,-60.91,10.2,0,SL確定足突破
2026.09.09 16:20:25,U,600020,-1004472107780_2276,SELL,4413.50,4417.23,-37.3,12,-65.64,10.3,0,SL確定足突破
2026.09.09 16:20:28,T,600019,-1004472107780_2276,SELL,4413.50,4417.23,-37.3,12,-64.17,10.2,0,SL確定足突破
2026.09.09 16:20:31,I,600008,-1004472107780_2276,SELL,4413.50,4417.23,-37.3,12,-58.70,10.3,0,SL確定足突破
2026.09.09 16:20:34,P,600015,-1004472107780_2276,SELL,4413.50,4417.23,-37.3,12,-63.84,10.4,0,SL確定足突破
2026.09.09 16:23:15,P,600015,-1004472107780_2192,BUY,4401.01,4421.20,201.9,0,0.00,0.0,1,P:全決済
2026.09.09 16:24:20,S,600018,-1004472107780_2188,BUY,4404.98,4425.08,201.0,1,18.64,1441.5,1,S:2段目
2026.09.09 16:25:31,F,600005,-1004472107780_2281,SELL,4430.10,4428.03,20.7,6,0.50,0.5,6,F:半数決済(+20p)
2026.09.09 16:25:37,C,600002,-1004472107780_2281,SELL,4430.10,4425.67,44.3,6,9.29,0.7,6,C:TP1到達
2026.09.09 16:25:40,G,600006,-1004472107780_2281,SELL,4430.10,4425.67,44.3,4,8.15,0.7,8,G:1段目(+40p)
2026.09.09 16:25:43,J,600009,-1004472107780_2281,SELL,4430.10,4425.67,44.3,6,10.78,0.7,6,J:TP1到達
2026.09.09 16:25:48,H,600007,-1004472107780_2281,SELL,4430.10,4425.67,44.3,6,2.01,1.0,6,H:TP1到達
2026.09.09 16:30:17,F,600005,-1004472107780_2285,SELL,4431.55,4429.54,20.1,5,-6.74,1.1,5,F:半数決済(+20p)
2026.09.09 16:31:02,G,600006,-1004472107780_2281,SELL,4430.10,4431.95,-18.5,8,-23.67,5.9,0,SL確定足突破
2026.09.09 16:31:05,Q,600016,-1004472107780_2281,SELL,4430.10,4431.95,-18.5,12,-34.51,6.3,0,SL確定足突破
2026.09.09 16:31:08,T,600019,-1004472107780_2281,SELL,4430.10,4431.95,-18.5,12,-21.25,6.2,0,SL確定足突破
2026.09.09 16:31:11,E,600004,-1004472107780_2281,SELL,4430.10,4431.95,-18.5,12,-2.94,6.0,0,SL確定足突破
2026.09.09 16:31:14,K,600010,-1004472107780_2281,SELL,4429.77,4431.95,-21.8,12,-6.41,5.8,0,SL確定足突破
2026.09.09 16:31:18,S,600018,-1004472107780_2281,SELL,4430.10,4431.95,-18.5,12,-25.99,6.4,0,SL確定足突破
2026.09.09 16:31:21,U,600020,-1004472107780_2281,SELL,4430.10,4431.95,-18.5,12,-21.23,6.4,0,SL確定足突破
2026.09.09 16:31:24,P,600015,-1004472107780_2281,SELL,4430.10,4431.95,-18.5,12,-27.15,6.6,0,SL確定足突破
2026.09.09 16:31:42,H,600007,-1004472107780_2285,SELL,4432.56,4428.53,40.3,6,0.43,2.7,6,H:TP1到達
2026.09.09 16:31:45,C,600002,-1004472107780_2285,SELL,4432.56,4428.53,40.3,6,3.25,3.0,6,C:TP1到達
2026.09.09 16:31:50,J,600009,-1004472107780_2285,SELL,4432.56,4428.53,40.3,6,-2.36,2.7,6,J:TP1到達
2026.09.09 16:31:52,G,600006,-1004472107780_2285,SELL,4432.56,4428.53,40.3,4,-5.92,2.9,8,G:1段目(+40p)
2026.09.09 16:34:10,F,600005,-1004472107780_2289,SELL,4433.06,4430.92,21.4,5,-2.33,0.7,4,F:半数決済(+20p)
2026.09.09 16:35:09,G,600006,-1004472107780_2289,SELL,4433.06,4428.93,41.3,3,4.09,2.0,6,G:1段目(+40p)
2026.09.09 16:35:12,H,600007,-1004472107780_2289,SELL,4433.06,4428.93,41.3,5,9.40,1.6,4,H:TP1到達
2026.09.09 16:35:15,J,600009,-1004472107780_2289,SELL,4433.06,4428.93,41.3,5,5.17,1.9,4,J:TP1到達
2026.09.09 16:35:19,C,600002,-1004472107780_2289,SELL,4433.06,4428.93,41.3,5,9.55,1.9,4,C:TP1到達
2026.09.09 16:35:27,E,600004,-1004472107780_2289,SELL,4433.06,4428.62,44.4,0,0.00,0.0,9,E:建値移動(決済なし)
2026.09.09 16:36:04,E,600004,-1004472107780_2289,SELL,4433.06,4427.94,51.2,4,19.09,2.2,4,E:1.1倍水準到達
2026.09.09 16:36:13,E,600004,-1004472107780_2285,SELL,4432.56,4427.94,46.2,0,0.00,0.0,12,E:建値移動(決済なし)
2026.09.09 16:36:30,E,600004,-1004472107780_2285,SELL,4432.56,4426.97,55.9,6,17.44,7.8,6,E:1.1倍水準到達
2026.09.09 16:37:27,R,600017,-1004472107780_2289,SELL,4433.06,4425.32,77.4,5,29.53,3.8,4,R:半数決済
2026.09.09 16:37:29,I,600008,-1004472107780_2289,SELL,4433.06,4425.32,77.4,5,28.12,4.1,4,I:TP1(半数)
2026.09.09 16:38:00,Q,600016,-1004472107780_2188,BUY,4405.00,4426.08,210.8,1,20.13,1455.3,0,SL確定足突破
2026.09.09 16:38:03,G,600006,-1004472107780_2289,SELL,4433.06,4424.94,81.2,3,18.76,4.6,3,G:2段目(+80p)
2026.09.09 16:38:04,T,600019,-1004472107780_2289,SELL,4433.06,4424.94,81.2,5,25.77,4.6,4,T:半数決済
2026.09.09 16:38:11,T,600019,-1004472107780_2285,SELL,4432.56,4424.42,81.4,6,26.48,9.0,6,T:半数決済
2026.09.09 16:38:14,G,600006,-1004472107780_2285,SELL,4432.56,4424.42,81.4,4,23.62,8.6,4,G:2段目(+80p)
2026.09.09 16:38:15,E,600004,-1004472107780_2289,SELL,4433.06,4423.85,92.1,4,34.45,4.4,0,E:2.0倍水準到達
2026.09.09 16:38:24,E,600004,-1004472107780_2285,SELL,4432.56,4423.54,90.2,6,47.94,8.3,0,E:2.0倍水準到達
2026.09.09 16:39:16,S,600018,-1004472107780_2289,SELL,4433.06,4422.93,101.3,3,21.26,5.9,6,S:1段目
2026.09.09 16:39:16,H,600007,-1004472107780_2289,SELL,4433.06,4422.93,101.3,0,0.00,0.0,4,H:建値移動(決済なし)
2026.09.09 16:39:17,P,600015,-1004472107780_2289,SELL,4433.06,4422.93,101.3,5,36.59,6.1,4,P:半数決済
2026.09.09 16:39:27,S,600018,-1004472107780_2285,SELL,4432.56,4422.08,104.8,4,26.37,10.4,7,S:1段目
2026.09.09 16:39:28,P,600015,-1004472107780_2285,SELL,4432.56,4422.08,104.8,6,43.84,10.3,5,P:半数決済
2026.09.09 16:39:30,R,600017,-1004472107780_2285,SELL,4429.56,4421.76,78.0,3,21.53,10.7,3,R:半数決済
2026.09.09 16:39:40,Q,600016,-1004472107780_2289,SELL,4433.06,4420.95,121.1,5,49.40,6.1,4,Q:半数決済
2026.09.09 16:39:46,I,600008,-1004472107780_2285,SELL,4428.34,4420.83,75.1,2,15.15,10.6,1,I:TP1(半数)
2026.09.09 16:39:47,Q,600016,-1004472107780_2285,SELL,4432.56,4420.56,120.0,5,47.11,10.3,4,Q:半数決済
2026.09.09 16:40:00,S,600018,-1004472107780_2188,BUY,4404.98,4421.30,163.2,1,15.81,1457.1,0,SL確定足突破
2026.09.09 16:41:06,R,600017,-1004472107780_2281,SELL,4426.26,4418.75,75.1,3,21.25,16.5,3,R:半数決済
2026.09.09 16:42:02,R,600017,-1004472107780_2289,SELL,4433.06,4417.86,152.0,0,0.00,0.0,1,R:全決済
2026.09.09 16:42:03,U,600020,-1004472107780_2289,SELL,4433.06,4417.86,152.0,5,70.40,8.5,4,U:半数決済
2026.09.09 16:42:04,I,600008,-1004472107780_2281,SELL,4425.40,4417.86,75.4,1,8.04,17.5,0,I:TP1(半数)
2026.09.09 16:42:05,U,600020,-1004472107780_2285,SELL,4432.56,4417.36,152.0,6,72.57,13.2,6,U:半数決済
2026.09.09 16:51:01,Q,600016,-1004472107780_2289,SELL,4433.06,4421.41,116.5,4,41.82,17.2,0,SL確定足突破
2026.09.09 16:51:02,Q,600016,-1004472107780_2285,SELL,4432.56,4421.41,111.5,4,38.60,20.7,0,SL確定足突破
2026.09.09 16:55:42,G,600006,-1004472107780_2289,SELL,4433.06,4412.97,200.9,3,58.95,21.9,0,G:3段目(+200p)
2026.09.09 16:55:42,S,600018,-1004472107780_2289,SELL,4433.06,4412.97,200.9,3,54.25,22.1,3,S:2段目
2026.09.09 16:55:50,S,600018,-1004472107780_2285,SELL,4432.56,4412.40,201.6,4,72.63,25.9,3,S:2段目
2026.09.09 16:55:51,G,600006,-1004472107780_2285,SELL,4432.56,4412.40,201.6,4,77.25,25.5,0,G:3段目(+200p)
2026.09.09 16:58:28,F,600005,-1004472107780_2297,BUY,4410.82,4412.91,20.9,3,0.29,1.9,2,F:半数決済(+20p)
2026.09.09 16:59:49,C,600002,-1004472107780_2297,BUY,4410.82,4414.85,40.3,3,7.63,3.0,2,C:TP1到達
2026.09.09 16:59:52,G,600006,-1004472107780_2297,BUY,4410.82,4414.85,40.3,2,4.64,3.2,3,G:1段目(+40p)
2026.09.09 16:59:55,H,600007,-1004472107780_2297,BUY,4410.82,4414.85,40.3,3,7.58,3.1,2,H:TP1到達
2026.09.09 16:59:59,J,600009,-1004472107780_2297,BUY,4410.82,4414.85,40.3,3,9.41,3.2,2,J:TP1到達
2026.09.09 17:00:10,E,600004,-1004472107780_2297,BUY,4410.82,4415.30,44.8,0,0.00,0.0,5,E:建値移動(決済なし)
2026.09.09 17:00:31,E,600004,-1004472107780_2297,BUY,4410.82,4416.15,53.3,3,7.75,3.8,2,E:1.1倍水準到達
2026.09.09 17:01:57,R,600017,-1004472107780_2297,BUY,4410.82,4418.42,76.0,3,15.68,5.2,2,R:半数決済
2026.09.09 17:01:58,I,600008,-1004472107780_2297,BUY,4410.82,4418.42,76.0,3,17.06,5.2,2,I:TP1(半数)
2026.09.09 17:02:03,G,600006,-1004472107780_2297,BUY,4410.82,4418.86,80.4,2,14.20,4.5,1,G:2段目(+80p)
2026.09.09 17:02:04,T,600019,-1004472107780_2297,BUY,4410.82,4418.86,80.4,3,20.93,5.3,2,T:半数決済
2026.09.09 17:02:12,E,600004,-1004472107780_2297,BUY,4410.82,4419.68,88.6,2,16.88,4.1,0,E:2.0倍水準到達
2026.09.09 17:03:01,P,600015,-1004472107780_2297,BUY,4410.82,4421.03,102.1,3,27.00,6.3,2,P:半数決済
2026.09.09 17:03:03,S,600018,-1004472107780_2297,BUY,4410.82,4421.03,102.1,2,17.69,6.4,3,S:1段目
2026.09.09 17:03:03,H,600007,-1004472107780_2297,BUY,4410.82,4421.03,102.1,0,0.00,0.0,2,H:建値移動(決済なし)
2026.09.09 17:03:25,F,600005,-1004472107780_2297,BUY,4410.82,4422.89,120.7,0,0.00,0.0,1,F:TP2到達
2026.09.09 17:03:25,Q,600016,-1004472107780_2297,BUY,4410.82,4422.89,120.7,3,32.19,6.7,2,Q:半数決済
2026.09.09 17:04:00,S,600018,-1004472107780_2289,SELL,4433.06,4423.69,93.7,3,25.64,30.2,0,SL確定足突破
2026.09.09 17:04:01,S,600018,-1004472107780_2285,SELL,4432.56,4423.69,88.7,3,23.85,33.6,0,SL確定足突破
2026.09.09 17:05:14,U,600020,-1004472107780_2297,BUY,4410.82,4425.97,151.5,3,42.80,8.7,2,U:半数決済
2026.09.09 17:05:25,T,600019,-1004472107780_2297,BUY,4410.82,4427.24,164.2,0,0.00,0.0,1,T:全決済
2026.09.09 17:13:00,Q,600016,-1004472107780_2297,BUY,4410.82,4418.25,74.3,2,14.36,14.9,0,SL確定足突破
2026.09.09 18:00:55,G,600006,-1004472107780_2297,BUY,4410.82,4431.44,206.2,1,20.84,62.7,0,G:3段目(+200p)
2026.09.09 18:02:49,R,600017,-1004472107780_2276,SELL,4410.53,4402.95,75.8,3,19.39,113.7,3,R:半数決済
2026.09.09 18:03:01,K,600010,-1004472107780_2297,BUY,4409.99,4400.00,-99.9,7,-68.65,57.8,0,SL確定足突破
2026.09.09 18:04:28,R,600017,-1004472107780_2276,SELL,4410.53,4394.65,158.8,0,0.00,0.0,1,R:全決済
2026.09.09 19:28:14,H,600007,-1004472107780_2289,SELL,4433.06,4401.29,317.7,1,31.60,174.4,1,H:TP1到達
2026.09.09 19:28:18,K,600010,-1004472107780_2289,SELL,4433.06,4401.24,318.2,4,119.76,174.7,4,K:TP1_HIT(半数)
2026.09.09 19:28:18,K,600010,-1004472107780_2288,SELL,4429.28,4401.15,281.3,1,28.23,175.2,0,K:TP1_HIT(半数)
2026.09.09 19:28:21,K,600010,-1004472107780_2285,SELL,4432.56,4401.05,315.1,6,165.46,179.0,5,K:TP1_HIT(半数)
2026.09.09 19:28:22,K,600010,-1004472107780_2284,SELL,4429.75,4401.40,283.5,1,28.35,179.7,0,K:TP1_HIT(半数)
2026.09.09 19:28:23,K,600010,-1004472107780_2289,SELL,4433.06,4401.40,316.6,4,123.75,174.6,0,K:HIT_SL
2026.09.09 19:28:24,K,600010,-1004472107780_2285,SELL,4432.56,4401.39,311.7,5,151.69,178.1,0,K:HIT_SL
2026.09.09 19:28:24,U,600020,-1004472107780_2289,SELL,4433.06,4401.46,316.0,1,31.27,174.6,1,U:半数決済
2026.09.09 19:28:24,H,600007,-1004472107780_2289,SELL,4433.06,4401.46,316.0,0,0.00,0.0,1,H:建値移動(決済なし)
2026.09.09 19:28:24,U,600020,-1004472107780_2285,SELL,4432.56,4401.46,311.0,1,31.09,177.8,1,U:半数決済
2026.09.10 11:47:03,X,600023,-1004472107780_2314,BUY,4394.30,4395.29,9.9,12,-22.52,5.1,0,SL確定足突破
2026.09.10 11:47:06,J,600009,-1004472107780_2314,BUY,4394.30,4395.29,9.9,12,-23.58,5.2,0,SL確定足突破
2026.09.10 11:47:09,I,600008,-1004472107780_2314,BUY,4394.30,4395.29,9.9,12,-24.10,5.2,0,SL確定足突破
2026.09.10 11:47:12,R,600017,-1004472107780_2314,BUY,4394.30,4395.29,9.9,12,-30.44,5.3,0,SL確定足突破
2026.09.10 11:47:15,P,600015,-1004472107780_2314,BUY,4394.30,4395.29,9.9,12,-30.92,5.3,0,SL確定足突破
2026.09.10 11:47:18,E,600004,-1004472107780_2314,BUY,4394.30,4395.29,9.9,12,-31.66,5.4,0,SL確定足突破
2026.09.10 11:47:21,K,600010,-1004472107780_2314,BUY,4394.30,4395.29,9.9,12,-31.82,5.4,0,SL確定足突破
2026.09.10 11:47:24,V,600021,-1004472107780_2314,BUY,4394.30,4395.29,9.9,12,-31.41,5.4,0,SL確定足突破
2026.09.10 11:47:28,C,600002,-1004472107780_2314,BUY,4394.30,4395.29,9.9,12,-28.19,5.5,0,SL確定足突破
2026.09.10 11:47:30,F,600005,-1004472107780_2314,BUY,4394.30,4395.29,9.9,12,-31.05,5.6,0,SL確定足突破
2026.09.10 11:47:34,Q,600016,-1004472107780_2314,BUY,4394.30,4395.29,9.9,12,-36.94,5.6,0,SL確定足突破
2026.09.10 11:47:37,H,600007,-1004472107780_2314,BUY,4394.30,4395.29,9.9,12,-39.58,5.6,0,SL確定足突破
2026.09.10 11:47:40,S,600018,-1004472107780_2314,BUY,4394.30,4395.29,9.9,12,-38.01,5.5,0,SL確定足突破
2026.09.10 11:47:43,T,600019,-1004472107780_2314,BUY,4394.30,4395.29,9.9,12,-35.12,5.8,0,SL確定足突破
2026.09.10 11:47:46,G,600006,-1004472107780_2314,BUY,4394.30,4395.29,9.9,12,-37.50,5.8,0,SL確定足突破
2026.09.10 11:47:49,W,600022,-1004472107780_2314,BUY,4394.30,4395.29,9.9,12,-34.41,5.9,0,SL確定足突破
2026.09.10 11:47:52,U,600020,-1004472107780_2314,BUY,4394.30,4395.29,9.9,12,-32.41,6.0,0,SL確定足突破
2026.09.10 15:07:11,H,600007,-1004472107780_2325,BUY,4370.15,4374.22,40.7,2,5.21,0.8,2,H:TP1到達
2026.09.10 15:07:14,C,600002,-1004472107780_2325,BUY,4370.15,4374.22,40.7,2,4.93,0.9,2,C:TP1到達
2026.09.10 15:07:27,J,600009,-1004472107780_2325,BUY,4370.15,4374.22,40.7,2,4.57,1.1,2,J:TP1到達
2026.09.10 15:07:30,F,600005,-1004472107780_2325,BUY,4370.15,4374.22,40.7,2,2.51,1.2,2,F:半数決済(+20p)
2026.09.10 15:07:34,G,600006,-1004472107780_2325,BUY,4370.15,4374.22,40.7,2,2.67,1.3,2,G:1段目(+40p)
2026.09.10 15:07:37,W,600022,-1004472107780_2325,BUY,4370.15,4374.22,40.7,2,1.77,1.3,2,C:TP1到達
2026.09.10 15:07:40,I,600008,-1004472107780_2325,BUY,4370.15,4372.54,23.9,1,0.00,1.8,3,建値SL(ブローカー)
2026.09.10 15:07:56,V,600021,-1004472107780_2325,BUY,4370.15,4374.16,40.1,2,4.15,1.6,2,V:半数決済
2026.09.10 15:08:06,E,600004,-1004472107780_2325,BUY,4370.15,4374.76,46.1,0,0.00,0.0,4,E:建値移動(決済なし)
2026.09.10 15:08:06,E,600004,-1004472107780_2325,BUY,4370.15,4375.96,58.1,2,8.72,1.8,2,E:1.1倍水準到達
2026.09.10 15:08:32,R,600017,-1004472107780_2325,BUY,4370.15,4372.36,22.1,1,-0.13,2.6,3,建値SL(ブローカー)
2026.09.10 15:10:00,S,600018,-1004472107780_2325,BUY,4370.15,4372.28,21.3,1,-0.01,4.1,3,建値SL(ブローカー)
2026.09.10 15:10:00,Q,600016,-1004472107780_2325,BUY,4370.15,4371.93,17.8,1,-0.07,4.0,3,建値SL(ブローカー)
2026.09.10 15:10:00,T,600019,-1004472107780_2325,BUY,4370.15,4371.93,17.8,1,-0.07,4.0,3,建値SL(ブローカー)
2026.09.10 15:10:00,P,600015,-1004472107780_2325,BUY,4370.15,4371.93,17.8,1,-0.20,4.1,3,建値SL(ブローカー)
2026.09.10 15:10:00,U,600020,-1004472107780_2325,BUY,4370.15,4371.93,17.8,1,-0.32,4.1,3,建値SL(ブローカー)
2026.09.10 15:10:00,X,600023,-1004472107780_2325,BUY,4370.15,4371.93,17.8,1,-0.32,4.1,3,建値SL(ブローカー)
2026.09.10 15:12:23,R,600017,-1004472107780_2325,BUY,4370.15,4377.66,75.1,2,13.18,5.7,1,R:半数決済
2026.09.10 15:12:24,I,600008,-1004472107780_2325,BUY,4370.15,4377.66,75.1,2,12.90,5.7,1,I:TP1(半数)
2026.09.10 15:15:43,Q,600016,-1004472107780_2325,BUY,4370.15,4371.41,12.6,1,-0.08,9.1,2,建値SL(ブローカー)
2026.09.10 15:15:43,P,600015,-1004472107780_2325,BUY,4370.15,4371.41,12.6,1,-0.08,9.1,2,建値SL(ブローカー)
2026.09.10 15:15:43,U,600020,-1004472107780_2325,BUY,4370.15,4371.41,12.6,1,-0.08,9.1,2,建値SL(ブローカー)
2026.09.10 15:15:43,X,600023,-1004472107780_2325,BUY,4370.15,4371.41,12.6,1,-0.08,9.1,2,建値SL(ブローカー)
2026.09.10 15:15:43,S,600018,-1004472107780_2325,BUY,4370.15,4371.41,12.6,1,-0.08,9.1,2,建値SL(ブローカー)
2026.09.10 15:16:51,T,600019,-1004472107780_2325,BUY,4370.15,4371.14,9.9,1,-0.21,10.2,2,建値SL(ブローカー)
2026.09.10 15:16:51,H,600007,-1004472107780_2325,BUY,4370.15,4371.11,9.6,1,-0.01,10.1,1,建値SL(ブローカー)
2026.09.10 15:16:51,H,600007,-1004472107780_2325,BUY,4370.15,4370.07,-0.8,1,-0.08,10.0,0,建値SL(ブローカー)
2026.09.10 15:16:51,C,600002,-1004472107780_2325,BUY,4370.15,4370.07,-0.8,2,-0.24,10.0,0,建値SL(ブローカー)
2026.09.10 15:16:51,E,600004,-1004472107780_2325,BUY,4370.15,4370.07,-0.8,2,-0.24,10.0,0,建値SL(ブローカー)
2026.09.10 15:16:51,R,600017,-1004472107780_2325,BUY,4370.15,4370.07,-0.8,1,-0.08,10.0,0,建値SL(ブローカー)
2026.09.10 15:16:51,Q,600016,-1004472107780_2325,BUY,4370.15,4370.07,-0.8,2,-0.24,10.0,0,建値SL(ブローカー)
2026.09.10 15:16:51,T,600019,-1004472107780_2325,BUY,4370.15,4370.07,-0.8,2,-0.24,10.0,0,建値SL(ブローカー)
2026.09.10 15:16:51,P,600015,-1004472107780_2325,BUY,4370.15,4370.07,-0.8,2,-0.24,10.0,0,建値SL(ブローカー)
2026.09.10 15:16:51,U,600020,-1004472107780_2325,BUY,4370.15,4370.07,-0.8,2,-0.24,10.0,0,建値SL(ブローカー)
2026.09.10 15:16:51,X,600023,-1004472107780_2325,BUY,4370.15,4370.07,-0.8,2,-0.24,10.0,0,建値SL(ブローカー)
2026.09.10 15:16:51,V,600021,-1004472107780_2325,BUY,4370.15,4370.07,-0.8,2,-0.24,10.0,0,建値SL(ブローカー)
2026.09.10 15:16:51,I,600008,-1004472107780_2325,BUY,4370.15,4370.07,-0.8,1,-0.08,10.0,0,建値SL(ブローカー)
2026.09.10 15:16:51,J,600009,-1004472107780_2325,BUY,4370.15,4370.07,-0.8,2,-0.24,10.0,0,建値SL(ブローカー)
2026.09.10 15:16:51,F,600005,-1004472107780_2325,BUY,4370.15,4370.07,-0.8,2,-0.24,10.0,0,建値SL(ブローカー)
2026.09.10 15:16:51,S,600018,-1004472107780_2325,BUY,4370.15,4370.07,-0.8,2,-0.24,10.0,0,建値SL(ブローカー)
2026.09.10 15:16:51,W,600022,-1004472107780_2325,BUY,4370.15,4370.07,-0.8,2,-0.24,10.0,0,建値SL(ブローカー)
2026.09.10 15:26:03,K,600010,-1004472107780_2325,BUY,4366.40,4364.43,-19.7,12,-56.75,11.8,0,SL確定足突破
2026.09.10 15:26:03,G,600006,-1004472107780_2325,BUY,4370.15,4364.43,-57.2,2,-12.23,19.2,0,SL確定足突破
2026.09.10 15:30:03,F,600005,-1004472107780_2331,BUY,4362.00,4364.46,24.6,3,2.60,2.4,2,F:半数決済(+20p)
2026.09.10 15:30:06,E,600004,-1004472107780_2331,BUY,4362.00,4370.64,86.4,0,0.00,0.0,5,E:建値移動(決済なし)
2026.09.10 15:30:16,C,600002,-1004472107780_2331,BUY,4362.00,4370.64,86.4,3,17.69,2.6,2,C:TP1到達
2026.09.10 15:30:20,J,600009,-1004472107780_2331,BUY,4362.00,4370.64,86.4,3,16.15,2.7,2,J:TP1到達
2026.09.10 15:30:35,G,600006,-1004472107780_2331,BUY,4362.00,4370.64,86.4,2,-2.46,3.0,3,G:1段目(+40p)
2026.09.10 15:30:41,W,600022,-1004472107780_2331,BUY,4362.00,4370.64,86.4,3,-9.81,3.1,2,C:TP1到達
2026.09.10 15:30:43,H,600007,-1004472107780_2331,BUY,4362.00,4370.64,86.4,3,-7.42,3.0,2,H:TP1到達
2026.09.10 15:30:43,E,600004,-1004472107780_2331,BUY,4362.00,4361.74,-2.6,5,-1.72,2.7,0,建値SL(ブローカー)
2026.09.10 15:30:43,V,600021,-1004472107780_2331,BUY,4362.00,4361.74,-2.6,5,-1.69,2.7,0,建値SL(ブローカー)
2026.09.10 15:30:43,P,600015,-1004472107780_2331,BUY,4362.00,4361.74,-2.6,5,-1.86,2.8,0,建値SL(ブローカー)
2026.09.10 15:30:43,C,600002,-1004472107780_2331,BUY,4362.00,4361.74,-2.6,2,-0.60,2.5,0,建値SL(ブローカー)
2026.09.10 15:30:43,J,600009,-1004472107780_2331,BUY,4362.00,4361.74,-2.6,2,-0.60,2.5,0,建値SL(ブローカー)
2026.09.10 15:30:43,S,600018,-1004472107780_2331,BUY,4362.00,4361.74,-2.6,5,-2.12,2.8,0,建値SL(ブローカー)
2026.09.10 15:30:43,U,600020,-1004472107780_2331,BUY,4362.00,4361.74,-2.6,5,-2.52,2.7,0,建値SL(ブローカー)
2026.09.10 15:30:43,X,600023,-1004472107780_2331,BUY,4362.00,4361.74,-2.6,5,-1.91,2.8,0,建値SL(ブローカー)
2026.09.10 15:30:43,R,600017,-1004472107780_2331,BUY,4362.00,4361.74,-2.6,5,-1.67,2.8,0,建値SL(ブローカー)
2026.09.10 15:32:31,G,600006,-1004472107780_2331,BUY,4362.00,4352.68,-93.2,3,-28.71,4.5,0,SL確定足突破
2026.09.10 15:32:35,K,600010,-1004472107780_2331,BUY,4358.27,4352.68,-55.9,12,-91.70,3.0,0,SL確定足突破
2026.09.10 15:32:37,F,600005,-1004472107780_2337,BUY,4350.49,4353.01,25.2,5,-5.10,0.8,5,F:半数決済(+20p)
2026.09.10 15:32:42,F,600005,-1004472107780_2337,BUY,4350.49,4350.81,3.2,2,-0.14,0.4,3,建値SL(ブローカー)
2026.09.10 15:32:46,F,600005,-1004472107780_2337,BUY,4350.49,4350.50,0.1,1,0.01,0.4,2,建値SL(ブローカー)
2026.09.10 15:33:11,R,600017,-1004472107780_2337,BUY,4349.80,4350.20,4.0,5,-1.23,0.9,6,建値SL(ブローカー)
2026.09.10 15:33:11,V,600021,-1004472107780_2337,BUY,4349.80,4350.85,10.5,4,-0.94,0.9,7,建値SL(ブローカー)
2026.09.10 15:33:45,R,600017,-1004472107780_2337,BUY,4349.80,4349.70,-1.0,1,-0.10,1.0,5,建値SL(ブローカー)
2026.09.10 15:33:45,V,600021,-1004472107780_2337,BUY,4349.80,4349.70,-1.0,1,-0.10,1.0,6,建値SL(ブローカー)
2026.09.10 15:35:03,I,600008,-1004472107780_2337,BUY,4349.28,4342.32,-69.6,12,-107.07,2.7,0,SL確定足突破
2026.09.10 15:35:06,E,600004,-1004472107780_2337,BUY,4349.28,4342.32,-69.6,12,-106.71,2.6,0,SL確定足突破
2026.09.10 15:35:09,H,600007,-1004472107780_2337,BUY,4349.28,4342.32,-69.6,12,-124.88,2.8,0,SL確定足突破
2026.09.10 15:35:13,P,600015,-1004472107780_2337,BUY,4349.28,4342.32,-69.6,12,-127.44,2.8,0,SL確定足突破
2026.09.10 15:35:16,J,600009,-1004472107780_2337,BUY,4349.28,4342.32,-69.6,12,-120.54,2.9,0,SL確定足突破
2026.09.10 15:35:19,K,600010,-1004472107780_2337,BUY,4349.28,4342.32,-69.6,12,-117.01,2.9,0,SL確定足突破
2026.09.10 15:35:22,X,600023,-1004472107780_2337,BUY,4349.28,4342.32,-69.6,12,-131.86,3.0,0,SL確定足突破
2026.09.10 15:35:25,C,600002,-1004472107780_2337,BUY,4349.28,4342.32,-69.6,12,-137.31,3.2,0,SL確定足突破
2026.09.10 15:35:29,U,600020,-1004472107780_2337,BUY,4349.28,4342.32,-69.6,12,-140.23,3.2,0,SL確定足突破
2026.09.10 15:35:32,T,600019,-1004472107780_2337,BUY,4349.28,4342.32,-69.6,12,-141.98,3.1,0,SL確定足突破
2026.09.10 15:35:35,Q,600016,-1004472107780_2337,BUY,4349.28,4342.32,-69.6,12,-134.71,3.1,0,SL確定足突破
2026.09.10 15:35:38,G,600006,-1004472107780_2337,BUY,4349.28,4342.32,-69.6,12,-131.67,3.3,0,SL確定足突破
2026.09.10 15:35:42,W,600022,-1004472107780_2337,BUY,4349.28,4342.32,-69.6,12,-110.55,3.1,0,SL確定足突破
2026.09.10 15:35:45,S,600018,-1004472107780_2337,BUY,4349.28,4342.32,-69.6,12,-117.23,3.1,0,SL確定足突破
2026.09.10 15:38:48,C,600002,-1004472107780_2342,SELL,4337.53,4331.86,56.7,1,7.58,1.8,0,C:TP1到達
2026.09.10 15:38:49,F,600005,-1004472107780_2342,SELL,4337.85,4331.86,59.9,1,8.34,1.8,0,F:半数決済(+20p)
2026.09.10 15:38:49,J,600009,-1004472107780_2342,SELL,4337.85,4331.86,59.9,1,8.32,1.8,0,J:TP1到達
2026.09.10 15:38:50,W,600022,-1004472107780_2342,SELL,4337.42,4331.86,55.6,1,8.19,1.8,0,C:TP1到達
2026.09.10 15:38:50,M,600012,-1004472107780_2342,SELL,4337.42,4331.86,55.6,1,8.19,1.8,0,C:TP1到達
2026.09.10 15:38:50,H,600007,-1004472107780_2342,SELL,4337.30,4331.86,54.4,1,8.06,1.8,0,H:TP1到達
2026.09.10 15:38:51,E,600004,-1004472107780_2342,SELL,4336.96,4331.86,51.0,0,0.00,0.0,1,E:建値移動(決済なし)
2026.09.10 15:38:51,G,600006,-1004472107780_2342,SELL,4337.10,4331.86,52.4,1,7.85,1.9,0,G:1段目(+40p)
2026.09.10 15:38:52,I,600008,-1004472107780_2342,SELL,4337.34,4329.25,80.9,1,8.14,1.8,0,I:TP1(半数)
2026.09.10 15:38:52,V,600021,-1004472107780_2342,SELL,4337.39,4329.25,81.4,1,8.07,1.9,0,V:半数決済
2026.09.10 15:38:53,T,600019,-1004472107780_2342,SELL,4337.36,4329.25,81.1,1,9.50,1.9,0,T:半数決済
2026.09.10 15:38:53,E,600004,-1004472107780_2342,SELL,4336.96,4329.25,77.1,1,8.12,1.9,0,E:1.1倍水準到達
2026.09.10 15:38:53,R,600017,-1004472107780_2342,SELL,4336.71,4328.84,78.7,1,8.03,1.8,0,R:半数決済
2026.09.10 15:39:14,P,600015,-1004472107780_2342,SELL,4336.46,4325.57,108.9,1,11.36,2.2,0,P:半数決済
2026.09.10 15:39:14,S,600018,-1004472107780_2342,SELL,4336.46,4325.57,108.9,1,11.36,2.2,0,S:1段目
2026.09.10 15:39:14,Q,600016,-1004472107780_2342,SELL,4337.34,4325.10,122.4,1,11.55,2.2,0,Q:半数決済
2026.09.10 15:41:29,F,600005,-1004472107780_2346,SELL,4331.91,4329.91,20.0,5,-12.08,0.8,5,F:半数決済(+20p)
2026.09.10 15:41:33,F,600005,-1004472107780_2346,SELL,4331.91,4331.97,-0.6,2,-0.72,0.2,3,建値SL(ブローカー)
2026.09.10 15:41:49,R,600017,-1004472107780_2346,SELL,4332.65,4331.28,13.7,2,-0.74,0.5,9,建値SL(ブローカー)
2026.09.10 15:41:56,G,600006,-1004472107780_2346,SELL,4332.65,4328.33,43.2,4,5.13,0.6,7,G:1段目(+40p)
2026.09.10 15:41:59,M,600012,-1004472107780_2346,SELL,4332.65,4328.33,43.2,6,2.00,1.0,5,C:TP1到達
2026.09.10 15:42:06,J,600009,-1004472107780_2346,SELL,4332.65,4328.33,43.2,6,5.36,1.0,6,J:TP1到達
2026.09.10 15:42:09,V,600021,-1004472107780_2346,SELL,4332.65,4328.33,43.2,5,10.57,1.2,5,V:半数決済
2026.09.10 15:42:13,H,600007,-1004472107780_2346,SELL,4332.65,4328.33,43.2,6,18.02,1.5,6,H:TP1到達
2026.09.10 15:42:17,C,600002,-1004472107780_2346,SELL,4332.65,4328.33,43.2,6,17.03,1.1,6,C:TP1到達
2026.09.10 15:42:18,I,600008,-1004472107780_2346,SELL,4332.65,4328.67,39.8,1,-0.12,1.1,11,建値SL(ブローカー)
2026.09.10 15:42:27,E,600004,-1004472107780_2346,SELL,4332.65,4327.09,55.6,0,0.00,0.0,11,E:建値移動(決済なし)
2026.09.10 15:42:28,T,600019,-1004472107780_2346,SELL,4332.65,4331.13,15.2,7,-0.90,1.2,4,建値SL(ブローカー)
2026.09.10 15:42:28,Q,600016,-1004472107780_2346,SELL,4332.65,4331.13,15.2,3,-0.58,1.2,8,建値SL(ブローカー)
2026.09.10 15:42:28,M,600012,-1004472107780_2346,SELL,4332.65,4331.13,15.2,1,-0.22,1.1,4,建値SL(ブローカー)
2026.09.10 15:42:28,P,600015,-1004472107780_2346,SELL,4332.65,4331.13,15.2,4,-0.48,1.3,7,建値SL(ブローカー)
2026.09.10 15:42:28,E,600004,-1004472107780_2346,SELL,4332.65,4331.13,15.2,2,-0.44,1.1,9,建値SL(ブローカー)
2026.09.10 15:42:28,S,600018,-1004472107780_2346,SELL,4332.65,4331.13,15.2,2,-0.44,1.1,10,建値SL(ブローカー)
2026.09.10 15:42:29,T,600019,-1004472107780_2346,SELL,4332.65,4331.32,13.3,1,-0.01,1.1,3,建値SL(ブローカー)
2026.09.10 15:42:29,Q,600016,-1004472107780_2346,SELL,4332.65,4331.32,13.3,1,-0.01,1.1,7,建値SL(ブローカー)
2026.09.10 15:42:29,M,600012,-1004472107780_2346,SELL,4332.65,4331.32,13.3,1,-0.01,1.1,3,建値SL(ブローカー)
2026.09.10 15:42:29,R,600017,-1004472107780_2346,SELL,4332.65,4331.32,13.3,1,-0.01,1.1,8,建値SL(ブローカー)
2026.09.10 15:42:29,P,600015,-1004472107780_2346,SELL,4332.65,4331.32,13.3,1,-0.01,1.1,6,建値SL(ブローカー)
2026.09.10 15:42:29,E,600004,-1004472107780_2346,SELL,4332.65,4331.32,13.3,1,-0.01,1.1,8,建値SL(ブローカー)
2026.09.10 15:42:29,S,600018,-1004472107780_2346,SELL,4332.65,4331.32,13.3,1,-0.01,1.1,9,建値SL(ブローカー)
2026.09.10 15:42:29,I,600008,-1004472107780_2346,SELL,4332.65,4331.32,13.3,1,-0.01,1.1,6,建値SL(ブローカー)
2026.09.10 15:42:29,J,600009,-1004472107780_2346,SELL,4332.65,4331.32,13.3,1,-0.01,1.1,3,建値SL(ブローカー)
2026.09.10 15:42:29,V,600021,-1004472107780_2346,SELL,4332.65,4331.32,13.3,1,-0.01,1.1,4,建値SL(ブローカー)
2026.09.10 15:42:29,H,600007,-1004472107780_2346,SELL,4332.65,4331.32,13.3,1,-0.01,1.1,3,建値SL(ブローカー)
2026.09.10 15:42:29,C,600002,-1004472107780_2346,SELL,4332.65,4331.32,13.3,1,-0.01,1.1,3,建値SL(ブローカー)
2026.09.10 15:42:32,P,600015,-1004472107780_2346,SELL,4332.65,4331.96,6.9,1,-0.05,1.2,5,建値SL(ブローカー)
2026.09.10 15:42:32,E,600004,-1004472107780_2346,SELL,4332.65,4331.96,6.9,1,-0.05,1.2,7,建値SL(ブローカー)
2026.09.10 15:42:32,S,600018,-1004472107780_2346,SELL,4332.65,4331.96,6.9,1,-0.05,1.2,8,建値SL(ブローカー)
2026.09.10 15:42:32,I,600008,-1004472107780_2346,SELL,4332.65,4331.96,6.9,1,-0.05,1.2,5,建値SL(ブローカー)
2026.09.10 15:42:32,J,600009,-1004472107780_2346,SELL,4332.65,4331.96,6.9,1,-0.05,1.2,2,建値SL(ブローカー)
2026.09.10 15:42:32,V,600021,-1004472107780_2346,SELL,4332.65,4331.96,6.9,1,-0.05,1.2,3,建値SL(ブローカー)
2026.09.10 15:42:32,H,600007,-1004472107780_2346,SELL,4332.65,4331.96,6.9,1,-0.05,1.2,2,建値SL(ブローカー)
2026.09.10 15:42:32,C,600002,-1004472107780_2346,SELL,4332.65,4331.96,6.9,1,-0.05,1.2,2,建値SL(ブローカー)
2026.09.10 15:42:32,M,600012,-1004472107780_2346,SELL,4332.65,4332.32,3.3,1,-0.12,1.0,1,建値SL(ブローカー)
2026.09.10 15:42:32,R,600017,-1004472107780_2346,SELL,4332.65,4332.32,3.3,1,-0.12,1.0,6,建値SL(ブローカー)
2026.09.10 15:42:32,P,600015,-1004472107780_2346,SELL,4332.65,4332.32,3.3,1,-0.12,1.0,4,建値SL(ブローカー)
2026.09.10 15:42:32,E,600004,-1004472107780_2346,SELL,4332.65,4332.32,3.3,1,-0.12,1.0,6,建値SL(ブローカー)
2026.09.10 15:42:32,S,600018,-1004472107780_2346,SELL,4332.65,4332.32,3.3,1,-0.12,1.0,7,建値SL(ブローカー)
2026.09.10 15:42:32,I,600008,-1004472107780_2346,SELL,4332.65,4332.32,3.3,1,-0.12,1.0,4,建値SL(ブローカー)
2026.09.10 15:42:32,J,600009,-1004472107780_2346,SELL,4332.65,4332.32,3.3,1,-0.12,1.0,1,建値SL(ブローカー)
2026.09.10 15:42:32,V,600021,-1004472107780_2346,SELL,4332.65,4332.32,3.3,1,-0.12,1.0,2,建値SL(ブローカー)
2026.09.10 15:42:32,H,600007,-1004472107780_2346,SELL,4332.65,4332.32,3.3,1,-0.12,1.0,1,建値SL(ブローカー)
2026.09.10 15:42:32,C,600002,-1004472107780_2346,SELL,4332.65,4332.32,3.3,1,-0.12,1.0,1,建値SL(ブローカー)
2026.09.10 15:42:34,T,600019,-1004472107780_2346,SELL,4332.65,4332.75,-1.0,1,-0.10,1.0,0,建値SL(ブローカー)
2026.09.10 15:42:34,Q,600016,-1004472107780_2346,SELL,4332.65,4332.75,-1.0,1,-0.10,1.0,4,建値SL(ブローカー)
2026.09.10 15:42:34,M,600012,-1004472107780_2346,SELL,4332.65,4332.75,-1.0,1,-0.10,1.0,0,建値SL(ブローカー)
2026.09.10 15:42:34,R,600017,-1004472107780_2346,SELL,4332.65,4332.75,-1.0,1,-0.10,1.0,5,建値SL(ブローカー)
2026.09.10 15:42:34,P,600015,-1004472107780_2346,SELL,4332.65,4332.75,-1.0,1,-0.10,1.0,3,建値SL(ブローカー)
2026.09.10 15:42:34,E,600004,-1004472107780_2346,SELL,4332.65,4332.75,-1.0,1,-0.10,1.0,5,建値SL(ブローカー)
2026.09.10 15:42:34,S,600018,-1004472107780_2346,SELL,4332.65,4332.75,-1.0,1,-0.10,1.0,6,建値SL(ブローカー)
2026.09.10 15:42:34,I,600008,-1004472107780_2346,SELL,4332.65,4332.75,-1.0,1,-0.10,1.0,3,建値SL(ブローカー)
2026.09.10 15:42:34,J,600009,-1004472107780_2346,SELL,4332.65,4332.75,-1.0,1,-0.10,1.0,0,建値SL(ブローカー)
2026.09.10 15:42:34,V,600021,-1004472107780_2346,SELL,4332.65,4332.75,-1.0,1,-0.10,1.0,1,建値SL(ブローカー)
2026.09.10 15:42:34,H,600007,-1004472107780_2346,SELL,4332.65,4332.75,-1.0,1,-0.10,1.0,0,建値SL(ブローカー)
2026.09.10 15:42:34,C,600002,-1004472107780_2346,SELL,4332.65,4332.75,-1.0,1,-0.10,1.0,0,建値SL(ブローカー)
2026.09.10 15:44:28,X,600023,-1004472107780_2342,SELL,4337.52,4337.56,-0.4,1,-0.04,7.4,0,建値SL(ブローカー)
2026.09.10 15:44:28,U,600020,-1004472107780_2342,SELL,4337.39,4337.56,-1.7,1,-0.17,7.5,0,建値SL(ブローカー)
2026.09.10 15:45:01,G,600006,-1004472107780_2346,SELL,4332.65,4340.86,-82.1,7,-67.00,3.6,0,SL確定足突破
2026.09.10 15:45:04,X,600023,-1004472107780_2346,SELL,4332.65,4340.86,-82.1,11,-112.38,3.8,0,SL確定足突破
2026.09.10 15:45:07,K,600010,-1004472107780_2346,SELL,4332.65,4340.86,-82.1,11,-114.95,3.9,0,SL確定足突破
2026.09.10 15:45:07,R,600017,-1004472107780_2345,SELL,4324.94,4340.86,-159.2,1,-16.28,4.6,0,SL確定足突破
2026.09.10 15:45:11,U,600020,-1004472107780_2346,SELL,4332.65,4340.86,-82.1,12,-144.44,4.1,0,SL確定足突破
2026.09.10 15:45:11,E,600004,-1004472107780_2345,SELL,4324.92,4340.86,-159.4,1,-17.11,4.7,0,SL確定足突破
2026.09.10 15:45:11,X,600023,-1004472107780_2345,SELL,4324.92,4340.86,-159.4,1,-17.03,4.7,0,SL確定足突破
2026.09.10 15:45:11,W,600022,-1004472107780_2345,SELL,4324.82,4340.86,-160.4,1,-16.66,4.7,0,SL確定足突破
2026.09.10 15:45:12,Q,600016,-1004472107780_2345,SELL,4324.94,4340.86,-159.2,1,-16.27,4.8,0,SL確定足突破
2026.09.10 15:45:12,G,600006,-1004472107780_2345,SELL,4324.72,4340.86,-161.4,1,-16.43,4.8,0,SL確定足突破
2026.09.10 15:45:12,P,600015,-1004472107780_2345,SELL,4324.62,4340.86,-162.4,1,-16.53,4.8,0,SL確定足突破
2026.09.10 15:45:12,K,600010,-1004472107780_2345,SELL,4324.75,4340.86,-161.1,1,-16.55,4.8,0,SL確定足突破
2026.09.10 15:45:13,T,600019,-1004472107780_2345,SELL,4324.39,4340.86,-164.7,1,-17.16,4.8,0,SL確定足突破
2026.09.10 15:45:13,M,600012,-1004472107780_2345,SELL,4324.22,4340.86,-166.4,1,-17.12,4.8,0,SL確定足突破
2026.09.10 15:50:51,V,600021,-1004472107780_2337,BUY,4350.49,4354.54,40.5,3,3.44,19.2,3,V:半数決済
2026.09.10 15:51:00,K,600010,-1004472107780_2342,SELL,4337.84,4354.35,-165.1,1,-16.58,14.0,0,SL確定足突破
2026.09.10 15:56:03,S,600018,-1004472107780_2353,BUY,4342.46,4338.67,-37.9,12,-78.13,1.9,0,SL確定足突破
2026.09.10 15:56:06,H,600007,-1004472107780_2353,BUY,4342.46,4338.67,-37.9,12,-75.23,2.3,0,SL確定足突破
2026.09.10 15:56:09,X,600023,-1004472107780_2353,BUY,4342.46,4338.67,-37.9,12,-79.62,2.0,0,SL確定足突破
2026.09.10 15:56:12,F,600005,-1004472107780_2353,BUY,4342.46,4338.67,-37.9,12,-84.25,2.2,0,SL確定足突破
2026.09.10 15:56:15,V,600021,-1004472107780_2353,BUY,4342.46,4338.67,-37.9,12,-92.68,2.5,0,SL確定足突破
2026.09.10 15:56:19,C,600002,-1004472107780_2353,BUY,4342.46,4338.67,-37.9,12,-92.09,2.2,0,SL確定足突破
2026.09.10 15:56:22,R,600017,-1004472107780_2353,BUY,4342.46,4338.67,-37.9,12,-65.55,2.5,0,SL確定足突破
2026.09.10 15:56:25,U,600020,-1004472107780_2353,BUY,4342.46,4338.67,-37.9,12,-71.49,2.4,0,SL確定足突破
2026.09.10 15:56:28,E,600004,-1004472107780_2353,BUY,4342.46,4338.67,-37.9,12,-77.36,2.5,0,SL確定足突破
2026.09.10 15:56:31,P,600015,-1004472107780_2353,BUY,4342.46,4338.67,-37.9,12,-77.59,2.7,0,SL確定足突破
2026.09.10 15:56:34,K,600010,-1004472107780_2353,BUY,4342.46,4338.67,-37.9,12,-82.04,2.5,0,SL確定足突破
2026.09.10 15:56:37,J,600009,-1004472107780_2353,BUY,4342.46,4338.67,-37.9,12,-77.90,2.5,0,SL確定足突破
2026.09.10 15:56:41,G,600006,-1004472107780_2353,BUY,4342.46,4338.67,-37.9,12,-58.42,2.7,0,SL確定足突破
2026.09.10 15:56:45,I,600008,-1004472107780_2353,BUY,4342.46,4338.67,-37.9,12,-55.28,3.0,0,SL確定足突破
2026.09.10 15:56:48,T,600019,-1004472107780_2353,BUY,4342.46,4338.67,-37.9,12,-62.51,2.7,0,SL確定足突破
2026.09.10 15:56:52,Q,600016,-1004472107780_2353,BUY,4342.46,4338.67,-37.9,12,-65.27,2.8,0,SL確定足突破
2026.09.10 15:57:49,F,600005,-1004472107780_2356,BUY,4337.51,4341.97,44.6,1,3.89,0.8,0,F:半数決済(+20p)
2026.09.10 15:57:53,C,600002,-1004472107780_2356,BUY,4337.62,4341.97,43.5,1,2.67,0.9,0,C:TP1到達
2026.09.10 15:58:08,E,600004,-1004472107780_2356,BUY,4337.93,4342.36,44.3,0,0.00,0.0,1,E:建値移動(決済なし)
2026.09.10 15:58:15,G,600006,-1004472107780_2356,BUY,4338.52,4342.70,41.8,1,4.72,1.3,0,G:1段目(+40p)
2026.09.10 15:58:18,J,600009,-1004472107780_2356,BUY,4338.70,4342.70,40.0,1,5.40,1.3,0,J:TP1到達
2026.09.10 15:58:21,W,600022,-1004472107780_2356,BUY,4338.53,4342.70,41.7,1,4.20,1.4,0,C:TP1到達
2026.09.10 15:58:21,E,600004,-1004472107780_2356,BUY,4337.93,4343.48,55.5,1,5.55,1.4,0,E:1.1倍水準到達
2026.09.10 15:58:27,H,600007,-1004472107780_2356,BUY,4338.82,4343.48,46.6,1,4.40,1.5,0,H:TP1到達
2026.09.10 15:58:28,V,600021,-1004472107780_2356,BUY,4339.15,4343.48,43.3,1,3.73,1.6,0,V:半数決済
2026.09.10 15:59:21,R,600017,-1004472107780_2356,BUY,4338.56,4338.34,-2.2,1,-0.22,2.4,0,建値SL(ブローカー)
2026.09.10 15:59:21,I,600008,-1004472107780_2356,BUY,4338.73,4338.34,-3.9,1,-0.39,2.4,0,建値SL(ブローカー)
2026.09.10 15:59:21,Q,600016,-1004472107780_2356,BUY,4338.75,4338.34,-4.1,1,-0.41,2.4,0,建値SL(ブローカー)
2026.09.10 16:00:05,G,600006,-1004472107780_2359,BUY,4339.93,4344.99,50.6,1,5.09,0.1,0,G:1段目(+40p)
2026.09.10 16:03:01,C,600002,-1004472107780_2362,BUY,4348.40,4353.65,52.5,1,5.07,1.1,0,C:TP1到達
2026.09.10 16:03:01,G,600006,-1004472107780_2362,BUY,4348.38,4353.65,52.7,1,5.06,1.1,0,G:1段目(+40p)
2026.09.10 16:03:02,F,600005,-1004472107780_2362,BUY,4348.38,4353.65,52.7,1,5.03,1.1,0,F:半数決済(+20p)
2026.09.10 16:03:02,J,600009,-1004472107780_2362,BUY,4348.24,4353.65,54.1,1,4.40,1.1,0,J:TP1到達
2026.09.10 16:03:03,W,600022,-1004472107780_2362,BUY,4347.49,4353.65,61.6,1,4.67,1.2,0,C:TP1到達
2026.09.10 16:03:03,H,600007,-1004472107780_2362,BUY,4347.03,4353.65,66.2,1,5.60,1.2,0,H:TP1到達
2026.09.10 16:03:04,E,600004,-1004472107780_2362,BUY,4346.56,4353.65,70.9,0,0.00,0.0,1,E:建値移動(決済なし)
2026.09.10 16:03:14,E,600004,-1004472107780_2363,BUY,4345.64,4353.65,80.1,0,0.00,0.0,1,E:建値移動(決済なし)
2026.09.10 16:03:18,C,600002,-1004472107780_2359,BUY,4346.61,4353.65,70.4,1,6.25,3.2,0,C:TP1到達
2026.09.10 16:03:21,J,600009,-1004472107780_2363,BUY,4344.16,4353.65,94.9,1,8.57,3.2,0,J:TP1到達
2026.09.10 16:03:24,F,600005,-1004472107780_2363,BUY,4343.61,4353.65,100.4,1,9.28,3.3,0,F:半数決済(+20p)
2026.09.10 16:03:27,H,600007,-1004472107780_2363,BUY,4343.38,4353.65,102.7,1,9.57,3.4,0,H:TP1到達
2026.09.10 16:03:33,W,600022,-1004472107780_2363,BUY,4342.02,4353.65,116.3,1,10.41,3.5,0,C:TP1到達
2026.09.10 16:03:46,P,600015,-1004472107780_2356,BUY,4337.49,4353.65,161.6,1,12.48,6.8,0,P:半数決済
2026.09.10 16:03:50,U,600020,-1004472107780_2356,BUY,4338.59,4353.65,150.6,1,10.46,6.9,0,U:半数決済
2026.09.10 16:03:50,T,600019,-1004472107780_2356,BUY,4339.38,4353.65,142.7,1,9.53,6.9,0,T:半数決済
2026.09.10 16:03:50,S,600018,-1004472107780_2356,BUY,4339.00,4353.65,146.5,1,9.93,6.9,0,S:1段目
2026.09.10 16:03:50,W,600022,-1004472107780_2352,BUY,4346.30,4353.65,73.5,1,2.43,10.8,0,C:TP1到達
2026.09.10 16:04:44,V,600021,-1004472107780_2362,BUY,4347.51,4352.74,52.3,1,5.29,2.9,0,V:半数決済
2026.09.10 16:04:44,E,600004,-1004472107780_2362,BUY,4346.56,4352.74,61.8,1,6.24,2.9,0,E:1.1倍水準到達
2026.09.10 16:04:45,E,600004,-1004472107780_2363,BUY,4345.64,4352.74,71.0,1,7.07,4.7,0,E:1.1倍水準到達
2026.09.10 16:04:45,V,600021,-1004472107780_2359,BUY,4346.91,4352.74,58.3,1,5.80,4.7,0,V:半数決済
2026.09.10 16:04:45,R,600017,-1004472107780_2363,BUY,4342.02,4352.74,107.2,1,10.66,4.7,0,R:半数決済
2026.09.10 16:04:46,I,600008,-1004472107780_2363,BUY,4341.58,4352.74,111.6,1,11.06,4.8,0,I:TP1(半数)
2026.09.10 16:04:54,T,600019,-1004472107780_2363,BUY,4345.18,4353.19,80.1,1,7.96,4.8,0,T:半数決済
2026.09.10 16:05:01,F,600005,-1004472107780_2368,SELL,4353.84,4351.68,21.6,1,2.22,0.8,1,F:半数決済(+20p)
2026.09.10 16:05:16,E,600004,-1004472107780_2368,SELL,4354.55,4350.14,44.1,0,0.00,0.0,3,E:建値移動(決済なし)
2026.09.10 16:05:42,J,600009,-1004472107780_2368,SELL,4354.04,4349.98,40.6,1,4.33,1.2,1,J:TP1到達
2026.09.10 16:05:45,H,600007,-1004472107780_2368,SELL,4354.04,4349.98,40.6,1,5.15,1.2,1,H:TP1到達
2026.09.10 16:05:48,G,600006,-1004472107780_2368,SELL,4354.04,4349.98,40.6,1,4.71,1.4,1,G:1段目(+40p)
2026.09.10 16:05:59,W,600022,-1004472107780_2368,SELL,4353.54,4349.39,41.5,1,4.88,1.3,0,C:TP1到達
2026.09.10 16:05:59,V,600021,-1004472107780_2368,SELL,4353.59,4349.39,42.0,1,4.71,1.4,0,V:半数決済
2026.09.10 16:06:02,E,600004,-1004472107780_2368,SELL,4354.55,4349.39,51.6,2,10.76,1.9,1,E:1.1倍水準到達
2026.09.10 16:06:30,I,600008,-1004472107780_2362,BUY,4347.28,4347.26,-0.2,1,-0.02,4.7,0,建値SL(ブローカー)
2026.09.10 16:06:42,R,600017,-1004472107780_2362,BUY,4347.03,4346.92,-1.1,1,-0.11,4.8,0,建値SL(ブローカー)
2026.09.10 16:06:43,I,600008,-1004472107780_2368,SELL,4354.55,4346.71,78.4,2,15.53,2.5,1,I:TP1(半数)
2026.09.10 16:06:47,F,600005,-1004472107780_2367,SELL,4348.74,4346.71,20.3,1,0.47,2.9,0,F:半数決済(+20p)
2026.09.10 16:11:57,T,600019,-1004472107780_2368,SELL,4354.55,4346.52,80.3,2,16.06,7.8,1,T:半数決済
2026.09.10 16:12:02,R,600017,-1004472107780_2368,SELL,4353.79,4346.26,75.3,1,6.86,7.8,0,R:半数決済
2026.09.10 16:12:25,G,600006,-1004472107780_2368,SELL,4354.04,4346.04,80.0,1,7.46,7.9,0,G:2段目(+80p)
2026.09.10 16:12:48,S,600018,-1004472107780_2363,BUY,4345.77,4345.77,0.0,1,0.00,12.7,0,建値SL(ブローカー)
2026.09.10 16:12:49,E,600004,-1004472107780_2368,SELL,4354.55,4345.83,87.2,1,8.68,8.6,0,E:2.0倍水準到達
2026.09.10 16:12:53,P,600015,-1004472107780_2363,BUY,4345.32,4345.29,-0.3,1,-0.03,12.8,0,建値SL(ブローカー)
2026.09.10 16:12:54,C,600002,-1004472107780_2367,SELL,4348.82,4344.71,41.1,1,3.77,9.0,0,C:TP1到達
2026.09.10 16:12:54,V,600021,-1004472107780_2367,SELL,4348.86,4344.71,41.5,1,3.43,9.0,0,V:半数決済
2026.09.10 16:12:55,M,600012,-1004472107780_2367,SELL,4349.08,4344.71,43.7,1,3.76,9.1,0,C:TP1到達
2026.09.10 16:12:55,H,600007,-1004472107780_2367,SELL,4348.83,4344.71,41.2,1,3.46,9.1,0,H:TP1到達
2026.09.10 16:14:00,R,600017,-1004472107780_2367,SELL,4348.48,4348.57,-0.9,1,-0.09,10.1,0,建値SL(ブローカー)
2026.09.10 16:14:47,J,600009,-1004472107780_2367,SELL,4348.67,4344.64,40.3,1,4.04,10.9,0,J:TP1到達
2026.09.10 16:14:48,S,600018,-1004472107780_2368,SELL,4354.55,4344.53,100.2,1,9.78,10.6,2,S:1段目
2026.09.10 16:14:48,W,600022,-1004472107780_2367,SELL,4348.53,4344.53,40.0,1,3.50,10.9,0,C:TP1到達
2026.09.10 16:14:54,G,600006,-1004472107780_2367,SELL,4348.45,4344.22,42.3,1,4.19,11.0,0,G:1段目(+40p)
2026.09.10 16:15:00,H,600007,-1004472107780_2368,SELL,4354.04,4343.75,102.9,0,0.00,0.0,1,H:建値移動(決済なし)
2026.09.10 16:15:00,P,600015,-1004472107780_2368,SELL,4354.04,4343.75,102.9,1,10.18,10.5,1,P:半数決済
2026.09.10 16:15:01,E,600004,-1004472107780_2367,SELL,4348.32,4343.75,45.7,0,0.00,0.0,1,E:建値移動(決済なし)
2026.09.10 16:15:03,E,600004,-1004472107780_2367,SELL,4348.32,4343.47,48.5,1,4.85,11.2,0,E:1.1倍水準到達
2026.09.10 16:15:05,Q,600016,-1004472107780_2363,BUY,4342.64,4342.61,-0.3,1,-0.03,15.1,0,建値SL(ブローカー)
2026.09.10 16:15:07,U,600020,-1004472107780_2363,BUY,4342.23,4342.14,-0.9,1,-0.09,15.1,0,建値SL(ブローカー)
2026.09.10 16:15:07,J,600009,-1004472107780_2368,SELL,4354.04,4341.94,121.0,1,11.88,10.6,0,TP到達(ブローカー)
2026.09.10 16:15:07,Q,600016,-1004472107780_2368,SELL,4354.04,4341.94,121.0,1,11.50,10.8,1,Q:半数決済
2026.09.10 16:15:18,F,600005,-1004472107780_2368,SELL,4353.84,4341.84,120.0,1,11.96,11.1,0,TP到達(ブローカー)
2026.09.10 16:16:13,I,600008,-1004472107780_2367,SELL,4349.16,4341.63,75.3,1,7.55,12.3,0,I:TP1(半数)
2026.09.10 16:19:11,S,600018,-1004472107780_2367,SELL,4348.51,4348.56,-0.5,1,-0.05,15.3,0,建値SL(ブローカー)
2026.09.10 16:19:11,X,600023,-1004472107780_2367,SELL,4348.49,4348.56,-0.7,1,-0.07,15.3,0,建値SL(ブローカー)
2026.09.10 16:19:11,P,600015,-1004472107780_2367,SELL,4348.49,4348.56,-0.7,1,-0.07,15.3,0,建値SL(ブローカー)
2026.09.10 16:19:42,T,600019,-1004472107780_2367,SELL,4348.72,4348.72,-0.0,1,0.00,15.8,0,建値SL(ブローカー)
2026.09.10 16:19:42,Q,600016,-1004472107780_2367,SELL,4348.73,4348.72,0.1,1,0.01,15.8,0,建値SL(ブローカー)
2026.09.10 16:20:00,X,600023,-1004472107780_2356,BUY,4337.89,4350.06,121.7,1,12.17,23.1,0,X:半数決済
2026.09.10 16:20:54,X,600023,-1004472107780_2360,BUY,4340.09,4352.45,123.6,1,12.36,20.9,0,X:半数決済
2026.09.10 16:21:00,Q,600016,-1004472107780_2368,SELL,4354.04,4352.26,17.8,1,1.54,16.5,0,SL確定足突破
2026.09.10 16:21:02,H,600007,-1004472107780_2368,SELL,4354.04,4354.73,-6.9,1,-0.69,16.5,0,建値SL(ブローカー)
2026.09.10 16:21:02,P,600015,-1004472107780_2368,SELL,4354.04,4354.73,-6.9,1,-0.69,16.5,0,建値SL(ブローカー)
2026.09.10 16:21:02,I,600008,-1004472107780_2368,SELL,4354.55,4354.73,-1.8,1,-0.18,16.9,0,建値SL(ブローカー)
2026.09.10 16:21:02,S,600018,-1004472107780_2368,SELL,4354.55,4354.73,-1.8,2,-0.36,16.9,0,建値SL(ブローカー)
2026.09.10 16:21:02,X,600023,-1004472107780_2368,SELL,4354.55,4354.73,-1.8,3,-0.54,16.9,0,建値SL(ブローカー)
2026.09.10 16:21:02,U,600020,-1004472107780_2368,SELL,4354.55,4354.73,-1.8,3,-0.54,16.9,0,建値SL(ブローカー)
2026.09.10 16:21:02,T,600019,-1004472107780_2368,SELL,4354.55,4354.73,-1.8,1,-0.18,16.9,0,建値SL(ブローカー)
2026.09.10 16:25:06,Q,600016,-1004472107780_2362,BUY,4348.76,4348.75,-0.1,1,-0.01,23.2,0,建値SL(ブローカー)
2026.09.10 16:26:18,X,600023,-1004472107780_2377,BUY,4346.63,4346.88,2.5,1,-0.06,24.4,4,建値SL(ブローカー)
2026.09.10 16:26:48,F,600005,-1004472107780_2377,BUY,4344.98,4347.02,20.4,5,-2.56,0.8,4,F:半数決済(+20p)
2026.09.10 16:27:05,J,600009,-1004472107780_2377,BUY,4344.98,4349.07,40.9,5,3.27,1.0,4,J:TP1到達
2026.09.10 16:27:09,W,600022,-1004472107780_2377,BUY,4344.98,4349.07,40.9,5,4.61,1.1,4,C:TP1到達
2026.09.10 16:27:11,G,600006,-1004472107780_2377,BUY,4344.98,4349.07,40.9,3,3.33,1.2,6,G:1段目(+40p)
2026.09.10 16:27:14,C,600002,-1004472107780_2377,BUY,4344.98,4349.07,40.9,5,8.71,1.3,4,C:TP1到達
2026.09.10 16:27:19,H,600007,-1004472107780_2377,BUY,4344.98,4349.07,40.9,5,8.91,1.3,4,H:TP1到達
2026.09.10 16:27:22,M,600012,-1004472107780_2377,BUY,4344.98,4349.07,40.9,5,3.64,1.3,4,C:TP1到達
2026.09.10 16:27:23,I,600008,-1004472107780_2377,BUY,4344.98,4348.46,34.8,1,-0.01,0.9,8,建値SL(ブローカー)
2026.09.10 16:27:26,E,600004,-1004472107780_2377,BUY,4344.98,4349.40,44.2,0,0.00,0.0,9,E:建値移動(決済なし)
2026.09.10 16:27:32,E,600004,-1004472107780_2377,BUY,4344.98,4349.85,48.7,5,5.23,1.5,4,E:1.1倍水準到達
2026.09.10 16:27:33,V,600021,-1004472107780_2377,BUY,4344.98,4349.23,42.5,5,5.84,1.5,4,V:半数決済
2026.09.10 16:27:54,E,600004,-1004472107780_2377,BUY,4344.98,4353.82,88.4,4,30.59,1.4,0,E:2.0倍水準到達
2026.09.10 16:27:55,I,600008,-1004472107780_2377,BUY,4344.98,4353.82,88.4,4,20.04,1.9,4,I:TP1(半数)
2026.09.10 16:27:58,T,600019,-1004472107780_2377,BUY,4344.98,4353.82,88.4,5,26.83,2.0,4,T:半数決済
2026.09.10 16:28:00,G,600006,-1004472107780_2377,BUY,4344.98,4353.82,88.4,3,21.13,1.7,3,G:2段目(+80p)
2026.09.10 16:28:01,R,600017,-1004472107780_2377,BUY,4344.98,4353.82,88.4,5,27.13,2.0,4,R:半数決済
2026.09.10 16:28:37,P,600015,-1004472107780_2377,BUY,4344.98,4354.98,100.0,5,34.55,2.6,4,P:半数決済
2026.09.10 16:28:39,H,600007,-1004472107780_2377,BUY,4344.98,4354.98,100.0,0,0.00,0.0,4,H:建値移動(決済なし)
2026.09.10 16:28:39,S,600018,-1004472107780_2377,BUY,4344.98,4354.98,100.0,3,21.37,2.8,6,S:1段目
2026.09.10 16:29:01,X,600023,-1004472107780_2377,BUY,4344.98,4356.59,116.1,4,35.72,2.8,4,X:半数決済
2026.09.10 16:29:02,V,600021,-1004472107780_2377,BUY,4344.98,4357.39,124.1,0,0.00,0.0,1,V:TP2到達
2026.09.10 16:29:04,Q,600016,-1004472107780_2377,BUY,4344.98,4357.39,124.1,5,49.59,3.0,4,Q:半数決済
2026.09.10 16:29:04,V,600021,-1004472107780_2377,BUY,4344.98,4357.39,124.1,1,10.94,2.7,0,TP到達(ブローカー)
2026.09.10 16:32:17,I,600008,-1004472107780_2377,BUY,4344.98,4360.02,150.4,4,57.43,5.8,0,TP到達(ブローカー)
2026.09.10 16:32:17,R,600017,-1004472107780_2377,BUY,4344.98,4360.02,150.4,4,57.43,5.8,0,TP到達(ブローカー)
2026.09.10 16:32:18,U,600020,-1004472107780_2377,BUY,4344.98,4360.02,150.4,5,60.34,6.3,4,U:半数決済
2026.09.10 16:32:19,R,600017,-1004472107780_2337,BUY,4352.85,4360.37,75.2,3,19.65,60.4,2,R:半数決済
2026.09.10 16:32:37,T,600019,-1004472107780_2377,BUY,4344.98,4361.32,163.4,4,62.63,6.1,0,TP到達(ブローカー)
2026.09.10 16:32:38,F,600005,-1004472107780_2337,BUY,4350.49,4362.68,121.9,0,0.00,0.0,1,F:TP2到達
2026.09.10 16:32:38,F,600005,-1004472107780_2337,BUY,4350.49,4362.68,121.9,1,11.11,60.3,0,TP到達(ブローカー)
2026.09.10 16:33:02,K,600010,-1004472107780_2368,SELL,4358.51,4360.53,-20.2,11,-43.48,9.6,0,SL確定足突破
2026.09.10 16:33:33,X,600023,-1004472107780_2376,BUY,4350.23,4363.63,134.0,1,13.34,8.1,0,X:半数決済
2026.09.10 16:33:47,P,600015,-1004472107780_2377,BUY,4344.98,4365.03,200.5,0,0.00,0.0,1,P:全決済
2026.09.10 16:33:48,G,600006,-1004472107780_2377,BUY,4344.98,4365.03,200.5,3,60.65,7.2,0,G:3段目(+200p)
2026.09.10 16:33:49,S,600018,-1004472107780_2377,BUY,4344.98,4365.03,200.5,3,56.36,7.5,3,S:2段目
2026.09.10 16:33:49,P,600015,-1004472107780_2377,BUY,4344.98,4365.03,200.5,1,18.58,7.4,0,TP到達(ブローカー)
2026.09.10 16:33:58,X,600023,-1004472107780_2377,BUY,4344.98,4367.80,228.2,4,88.55,7.4,0,TP到達(ブローカー)
2026.09.10 16:34:00,K,600010,-1004472107780_2367,SELL,4348.61,4367.42,-188.1,1,-18.85,30.1,0,SL確定足突破
2026.09.10 16:34:21,R,600017,-1004472107780_2337,BUY,4352.85,4368.03,151.8,0,0.00,0.0,1,R:全決済
2026.09.10 16:34:22,I,600008,-1004472107780_2331,BUY,4360.47,4368.03,75.6,4,19.12,66.5,4,I:TP1(半数)
2026.09.10 16:34:23,R,600017,-1004472107780_2337,BUY,4352.85,4368.03,151.8,1,14.49,62.3,0,TP到達(ブローカー)
2026.09.10 16:37:01,Q,600016,-1004472107780_2377,BUY,4344.98,4359.80,148.2,4,58.10,10.5,0,SL確定足突破
2026.09.10 16:38:16,T,600019,-1004472107780_2331,BUY,4362.00,4370.65,86.5,3,20.89,70.7,2,T:半数決済
2026.09.10 16:38:53,Q,600016,-1004472107780_2331,BUY,4359.66,4371.71,120.5,5,41.14,71.1,4,Q:半数決済
2026.09.10 16:40:31,H,600007,-1004472107780_2331,BUY,4362.00,4372.17,101.7,0,0.00,0.0,6,H:建値移動(決済なし)
2026.09.10 16:45:01,Q,600016,-1004472107780_2331,BUY,4359.66,4364.48,48.2,4,16.57,74.4,0,SL確定足突破
2026.09.10 16:48:05,W,600022,-1004472107780_2331,BUY,4362.00,4374.16,121.6,2,23.89,80.0,4,TP到達(ブローカー)
2026.09.10 16:48:06,W,600022,-1004472107780_2331,BUY,4362.00,4374.16,121.6,4,56.09,77.5,0,C:TP2到達
2026.09.10 16:49:15,I,600008,-1004472107780_2331,BUY,4360.47,4375.58,151.1,0,0.00,0.0,1,I:TP2(全決済)
2026.09.10 16:49:15,I,600008,-1004472107780_2331,BUY,4360.47,4375.58,151.1,1,13.58,81.1,0,TP到達(ブローカー)
2026.09.10 16:52:00,S,600018,-1004472107780_2377,BUY,4344.98,4364.19,192.1,3,58.34,25.4,0,SL確定足突破
2026.09.10 21:08:51,H,600007,-1004472107780_2377,BUY,4344.98,4346.43,14.5,1,-0.02,282.5,3,建値SL(ブローカー)
2026.09.10 21:08:51,U,600020,-1004472107780_2377,BUY,4344.98,4346.43,14.5,1,-0.02,282.5,3,建値SL(ブローカー)
2026.09.10 21:08:59,H,600007,-1004472107780_2377,BUY,4344.98,4345.77,7.9,1,-0.14,282.5,2,建値SL(ブローカー)
2026.09.10 21:08:59,U,600020,-1004472107780_2377,BUY,4344.98,4345.77,7.9,1,-0.14,282.5,2,建値SL(ブローカー)
2026.09.10 21:09:00,H,600007,-1004472107780_2377,BUY,4344.98,4344.34,-6.4,2,-1.61,282.4,0,建値SL(ブローカー)
2026.09.10 21:09:00,U,600020,-1004472107780_2377,BUY,4344.98,4344.34,-6.4,2,-1.61,282.4,0,建値SL(ブローカー)
2026.09.10 21:14:02,K,600010,-1004472107780_2377,BUY,4344.98,4340.52,-44.6,9,-51.84,290.4,0,SL確定足突破
2026.09.10 21:31:00,K,600010,-1004472107780_2376,BUY,4350.46,4336.42,-140.4,1,-14.05,305.6,0,SL確定足突破
2026.09.10 21:31:01,K,600010,-1004472107780_2363,BUY,4341.17,4336.42,-47.5,5,-30.37,318.9,0,SL確定足突破
2026.09.10 22:01:00,K,600010,-1004472107780_2356,BUY,4337.92,4326.93,-109.9,1,-10.87,364.0,0,SL確定足突破
2026.09.10 22:01:28,E,600004,-1004472107780_2346,SELL,4329.68,4322.94,67.4,3,18.57,380.8,2,E:1.1倍水準到達
2026.09.10 22:01:28,R,600017,-1004472107780_2346,SELL,4329.68,4321.67,80.1,3,15.57,380.6,2,R:半数決済
2026.09.10 22:02:04,E,600004,-1004472107780_2346,SELL,4329.68,4320.87,88.1,2,17.76,381.1,0,E:2.0倍水準到達
2026.09.10 22:02:15,V,600021,-1004472107780_2346,SELL,4332.65,4320.62,120.3,1,8.91,381.1,0,TP到達(ブローカー)
2026.09.10 22:02:17,I,600008,-1004472107780_2346,SELL,4328.01,4320.42,75.9,2,12.10,381.6,1,I:TP1(半数)
2026.09.10 22:02:21,S,600018,-1004472107780_2346,SELL,4329.68,4319.63,100.5,2,13.72,381.7,4,S:1段目
2026.09.10 22:02:47,P,600015,-1004472107780_2346,SELL,4328.55,4317.46,110.9,2,21.76,381.9,1,P:半数決済
2026.09.10 22:02:48,Q,600016,-1004472107780_2346,SELL,4329.31,4316.50,128.1,2,25.29,381.8,2,Q:半数決済
2026.09.10 22:03:30,R,600017,-1004472107780_2346,SELL,4329.68,4314.48,152.0,0,0.00,0.0,1,R:全決済
2026.09.10 22:03:30,R,600017,-1004472107780_2346,SELL,4329.68,4314.48,152.0,1,15.20,382.5,0,TP到達(ブローカー)
2026.09.10 22:10:00,Q,600016,-1004472107780_2346,SELL,4329.31,4324.30,50.1,2,9.09,389.0,0,SL確定足突破
2026.09.11 02:54:28,I,600008,-1004472107780_2346,SELL,4328.01,4312.84,151.7,0,0.00,0.0,1,I:TP2(全決済)
2026.09.11 02:54:28,I,600008,-1004472107780_2346,SELL,4328.01,4312.84,151.7,1,15.49,673.5,0,TP到達(ブローカー)
2026.09.11 06:21:36,S,600018,-1004472107780_2346,SELL,4329.68,4309.35,203.3,2,38.21,880.7,2,S:2段目
2026.09.11 06:22:25,P,600015,-1004472107780_2346,SELL,4328.55,4308.53,200.2,1,20.34,881.5,0,TP到達(ブローカー)
2026.09.11 07:07:00,S,600018,-1004472107780_2346,SELL,4329.68,4311.54,181.4,2,36.30,926.0,0,SL確定足突破
2026.09.11 09:26:14,F,600005,-1004472107780_2392,SELL,4353.91,4351.69,22.2,1,2.17,2.4,0,F:半数決済(+20p)
2026.09.11 09:30:46,C,600002,-1004472107780_2392,SELL,4354.02,4350.00,40.2,1,4.10,7.0,0,C:TP1到達
2026.09.11 09:30:53,W,600022,-1004472107780_2392,SELL,4354.14,4350.00,41.4,1,3.72,7.1,0,C:TP1到達
2026.09.11 09:30:56,J,600009,-1004472107780_2392,SELL,4354.04,4350.00,40.4,1,3.17,7.2,0,J:TP1到達
2026.09.11 09:33:12,G,600006,-1004472107780_2392,SELL,4353.99,4349.91,40.8,1,4.07,9.4,0,G:1段目(+40p)
2026.09.11 09:33:18,H,600007,-1004472107780_2392,SELL,4353.72,4349.71,40.1,1,4.00,9.6,0,H:TP1到達
2026.09.11 09:33:22,E,600004,-1004472107780_2392,SELL,4353.97,4349.37,46.0,0,0.00,0.0,1,E:建値移動(決済なし)
2026.09.11 09:33:43,E,600004,-1004472107780_2392,SELL,4353.97,4348.94,50.3,1,5.14,10.0,0,E:1.1倍水準到達
2026.09.11 09:33:50,V,600021,-1004472107780_2392,SELL,4354.04,4348.65,53.9,1,5.39,10.1,0,V:半数決済
2026.09.11 09:33:55,X,600023,-1004472107780_2392,SELL,4354.16,4348.30,58.6,1,5.86,10.2,0,X:半数決済
2026.09.11 09:41:19,T,600019,-1004472107780_2392,SELL,4353.72,4353.71,0.1,1,0.01,17.6,0,建値SL(ブローカー)
2026.09.11 09:41:52,S,600018,-1004472107780_2392,SELL,4354.02,4354.06,-0.4,1,-0.04,18.1,0,建値SL(ブローカー)
2026.09.11 09:41:52,I,600008,-1004472107780_2392,SELL,4354.02,4354.06,-0.4,1,-0.04,18.1,0,建値SL(ブローカー)
2026.09.11 09:41:52,R,600017,-1004472107780_2392,SELL,4354.02,4354.06,-0.4,1,-0.04,18.1,0,建値SL(ブローカー)
2026.09.11 09:41:52,U,600020,-1004472107780_2392,SELL,4354.07,4354.06,0.1,1,0.01,18.1,0,建値SL(ブローカー)
2026.09.11 09:41:52,P,600015,-1004472107780_2392,SELL,4354.06,4354.06,-0.0,1,0.00,18.1,0,建値SL(ブローカー)
2026.09.11 09:48:04,Q,600016,-1004472107780_2392,SELL,4354.16,4354.20,-0.4,1,-0.04,24.3,0,建値SL(ブローカー)
2026.09.11 10:14:59,F,600005,-1004472107780_2399,SELL,4353.54,4351.54,20.0,1,1.86,1.5,0,F:半数決済(+20p)
2026.09.11 10:20:21,J,600009,-1004472107780_2399,SELL,4353.75,4349.73,40.2,1,4.02,6.8,0,J:TP1到達
2026.09.11 10:20:24,W,600022,-1004472107780_2399,SELL,4353.73,4349.73,40.0,1,3.30,6.9,0,C:TP1到達
2026.09.11 10:20:26,C,600002,-1004472107780_2399,SELL,4353.74,4349.73,40.1,1,3.00,7.0,0,C:TP1到達
2026.09.11 10:20:43,H,600007,-1004472107780_2399,SELL,4353.72,4349.51,42.1,1,4.21,7.2,0,H:TP1到達
2026.09.11 10:20:46,M,600012,-1004472107780_2399,SELL,4353.59,4349.51,40.8,1,3.81,7.3,0,C:TP1到達
2026.09.11 10:20:52,G,600006,-1004472107780_2399,SELL,4353.56,4349.51,40.5,1,3.48,7.4,0,G:1段目(+40p)
2026.09.11 10:22:43,E,600004,-1004472107780_2399,SELL,4353.69,4349.22,44.7,0,0.00,0.0,1,E:建値移動(決済なし)
2026.09.11 10:22:44,E,600004,-1004472107780_2399,SELL,4353.69,4348.83,48.6,1,4.83,9.3,0,E:1.1倍水準到達
2026.09.11 10:22:50,V,600021,-1004472107780_2399,SELL,4353.50,4349.05,44.5,1,4.51,9.3,0,V:半数決済
2026.09.11 10:27:00,X,600023,-1004472107780_2399,SELL,4353.58,4347.83,57.5,1,5.49,13.5,0,X:半数決済
2026.09.11 10:30:18,I,600008,-1004472107780_2399,SELL,4353.56,4346.02,75.4,1,7.59,16.9,0,I:TP1(半数)
2026.09.11 10:30:20,R,600017,-1004472107780_2399,SELL,4353.41,4345.87,75.4,1,7.54,16.9,0,R:半数決済
2026.09.11 10:30:40,T,600019,-1004472107780_2399,SELL,4353.59,4345.46,81.3,1,8.13,17.2,0,T:半数決済
2026.09.11 10:38:30,S,600018,-1004472107780_2399,SELL,4353.60,4343.57,100.3,1,10.03,25.0,0,S:1段目
2026.09.11 10:38:31,P,600015,-1004472107780_2399,SELL,4353.59,4343.57,100.2,1,10.06,25.1,0,P:半数決済
2026.09.11 10:43:56,F,600005,-1004472107780_2406,BUY,4344.00,4346.02,20.2,2,3.72,1.0,1,F:半数決済(+20p)
2026.09.11 10:44:12,X,600023,-1004472107780_2406,BUY,4344.00,4344.84,8.4,1,0.01,1.6,2,建値SL(ブローカー)
2026.09.11 10:44:29,X,600023,-1004472107780_2406,BUY,4344.00,4344.36,3.6,1,-0.01,1.6,1,建値SL(ブローカー)
2026.09.11 10:45:25,X,600023,-1004472107780_2406,BUY,4344.00,4344.00,0.0,1,0.00,2.1,0,建値SL(ブローカー)
2026.09.11 10:45:25,F,600005,-1004472107780_2406,BUY,4344.00,4344.00,0.0,1,0.00,2.1,0,建値SL(ブローカー)
2026.09.11 10:51:52,Q,600016,-1004472107780_2399,SELL,4353.49,4341.45,120.4,1,12.04,38.4,0,Q:半数決済
2026.09.11 10:55:48,R,600017,-1004472107780_2406,BUY,4340.98,4343.18,22.0,1,-0.28,8.9,8,建値SL(ブローカー)
2026.09.11 10:56:06,R,600017,-1004472107780_2406,BUY,4340.98,4342.92,19.4,1,-0.08,9.1,7,建値SL(ブローカー)
2026.09.11 10:59:00,H,600007,-1004472107780_2406,BUY,4340.98,4345.01,40.3,5,5.14,14.4,4,H:TP1到達
2026.09.11 10:59:02,G,600006,-1004472107780_2406,BUY,4340.98,4345.01,40.3,3,1.54,16.1,6,G:1段目(+40p)
2026.09.11 10:59:05,J,600009,-1004472107780_2406,BUY,4340.98,4345.01,40.3,5,4.16,14.5,4,J:TP1到達
2026.09.11 10:59:09,W,600022,-1004472107780_2406,BUY,4340.98,4345.01,40.3,5,3.23,14.5,4,C:TP1到達
2026.09.11 10:59:13,C,600002,-1004472107780_2406,BUY,4340.98,4345.01,40.3,5,2.91,14.6,4,C:TP1到達
2026.09.11 11:00:05,E,600004,-1004472107780_2406,BUY,4340.98,4345.37,43.9,0,0.00,0.0,9,E:建値移動(決済なし)
2026.09.11 11:00:10,E,600004,-1004472107780_2406,BUY,4340.98,4345.77,47.9,5,8.84,14.9,4,E:1.1倍水準到達
2026.09.11 11:00:21,V,600021,-1004472107780_2406,BUY,4340.98,4345.69,47.1,5,10.09,15.8,4,V:半数決済
2026.09.11 11:01:38,Q,600016,-1004472107780_2406,BUY,4340.98,4344.90,39.2,1,0.01,19.1,8,建値SL(ブローカー)
2026.09.11 11:01:39,T,600019,-1004472107780_2406,BUY,4340.98,4344.68,37.0,1,-0.12,19.1,8,建値SL(ブローカー)
2026.09.11 11:01:39,U,600020,-1004472107780_2406,BUY,4340.98,4344.68,37.0,1,-0.13,19.1,8,建値SL(ブローカー)
2026.09.11 11:01:39,P,600015,-1004472107780_2406,BUY,4340.98,4344.68,37.0,1,-0.17,19.1,8,建値SL(ブローカー)
2026.09.11 11:01:39,S,600018,-1004472107780_2406,BUY,4340.98,4344.68,37.0,1,-0.06,19.1,8,建値SL(ブローカー)
2026.09.11 11:01:39,T,600019,-1004472107780_2406,BUY,4340.98,4344.46,34.8,1,-0.15,19.0,7,建値SL(ブローカー)
2026.09.11 11:01:39,U,600020,-1004472107780_2406,BUY,4340.98,4344.46,34.8,1,-0.01,18.9,7,建値SL(ブローカー)
2026.09.11 11:01:39,P,600015,-1004472107780_2406,BUY,4340.98,4344.46,34.8,1,-0.19,18.6,7,建値SL(ブローカー)
2026.09.11 11:01:39,S,600018,-1004472107780_2406,BUY,4340.98,4344.46,34.8,1,-0.11,18.7,7,建値SL(ブローカー)
2026.09.11 11:01:40,Q,600016,-1004472107780_2406,BUY,4340.98,4344.37,33.9,1,0.00,18.8,7,建値SL(ブローカー)
2026.09.11 11:02:59,T,600019,-1004472107780_2406,BUY,4340.98,4344.01,30.3,1,0.01,19.6,6,建値SL(ブローカー)
2026.09.11 11:02:59,U,600020,-1004472107780_2406,BUY,4340.98,4344.01,30.3,1,0.01,19.6,6,建値SL(ブローカー)
2026.09.11 11:02:59,Q,600016,-1004472107780_2406,BUY,4340.98,4344.01,30.3,1,0.01,19.6,6,建値SL(ブローカー)
2026.09.11 11:02:59,P,600015,-1004472107780_2406,BUY,4340.98,4344.01,30.3,1,0.01,19.6,6,建値SL(ブローカー)
2026.09.11 11:02:59,S,600018,-1004472107780_2406,BUY,4340.98,4344.01,30.3,1,0.01,19.6,6,建値SL(ブローカー)
2026.09.11 11:03:13,T,600019,-1004472107780_2406,BUY,4340.98,4343.47,24.9,1,0.01,16.4,5,建値SL(ブローカー)
2026.09.11 11:03:13,U,600020,-1004472107780_2406,BUY,4340.98,4343.47,24.9,1,0.01,16.4,5,建値SL(ブローカー)
2026.09.11 11:03:13,Q,600016,-1004472107780_2406,BUY,4340.98,4343.47,24.9,1,0.01,16.4,5,建値SL(ブローカー)
2026.09.11 11:03:13,P,600015,-1004472107780_2406,BUY,4340.98,4343.47,24.9,1,0.01,16.4,5,建値SL(ブローカー)
2026.09.11 11:03:13,S,600018,-1004472107780_2406,BUY,4340.98,4343.47,24.9,1,0.01,16.4,5,建値SL(ブローカー)
2026.09.11 11:03:13,I,600008,-1004472107780_2406,BUY,4340.98,4343.47,24.9,1,0.01,16.4,8,建値SL(ブローカー)
2026.09.11 11:03:42,T,600019,-1004472107780_2406,BUY,4340.98,4342.97,19.9,1,-0.03,16.6,4,建値SL(ブローカー)
2026.09.11 11:03:42,U,600020,-1004472107780_2406,BUY,4340.98,4342.97,19.9,1,-0.03,16.6,4,建値SL(ブローカー)
2026.09.11 11:03:42,Q,600016,-1004472107780_2406,BUY,4340.98,4342.97,19.9,1,-0.03,16.6,4,建値SL(ブローカー)
2026.09.11 11:03:42,P,600015,-1004472107780_2406,BUY,4340.98,4342.97,19.9,1,-0.03,16.6,4,建値SL(ブローカー)
2026.09.11 11:03:42,S,600018,-1004472107780_2406,BUY,4340.98,4342.97,19.9,1,-0.03,16.6,4,建値SL(ブローカー)
2026.09.11 11:03:42,I,600008,-1004472107780_2406,BUY,4340.98,4342.97,19.9,1,-0.03,16.6,7,建値SL(ブローカー)
2026.09.11 11:07:20,R,600017,-1004472107780_2406,BUY,4340.98,4348.60,76.2,4,19.14,22.7,3,R:半数決済
2026.09.11 11:07:22,I,600008,-1004472107780_2406,BUY,4340.98,4348.60,76.2,4,17.24,22.6,3,I:TP1(半数)
2026.09.11 11:11:49,T,600019,-1004472107780_2406,BUY,4340.98,4342.25,12.7,1,-0.03,22.0,3,建値SL(ブローカー)
2026.09.11 11:11:49,H,600007,-1004472107780_2406,BUY,4340.98,4342.25,12.7,1,-0.03,22.0,3,建値SL(ブローカー)
2026.09.11 11:11:49,E,600004,-1004472107780_2406,BUY,4340.98,4342.25,12.7,1,-0.03,22.0,3,建値SL(ブローカー)
2026.09.11 11:11:49,U,600020,-1004472107780_2406,BUY,4340.98,4342.25,12.7,1,-0.03,22.0,3,建値SL(ブローカー)
2026.09.11 11:11:49,Q,600016,-1004472107780_2406,BUY,4340.98,4342.25,12.7,1,-0.03,22.0,3,建値SL(ブローカー)
2026.09.11 11:11:49,P,600015,-1004472107780_2406,BUY,4340.98,4342.25,12.7,1,-0.03,22.0,3,建値SL(ブローカー)
2026.09.11 11:11:49,J,600009,-1004472107780_2406,BUY,4340.98,4342.25,12.7,1,-0.03,22.0,3,建値SL(ブローカー)
2026.09.11 11:11:49,W,600022,-1004472107780_2406,BUY,4340.98,4342.25,12.7,1,-0.03,22.0,3,建値SL(ブローカー)
2026.09.11 11:11:49,S,600018,-1004472107780_2406,BUY,4340.98,4342.25,12.7,1,-0.03,22.0,3,建値SL(ブローカー)
2026.09.11 11:11:49,V,600021,-1004472107780_2406,BUY,4340.98,4342.25,12.7,1,-0.03,22.0,3,建値SL(ブローカー)
2026.09.11 11:11:49,C,600002,-1004472107780_2406,BUY,4340.98,4342.25,12.7,1,-0.03,22.0,3,建値SL(ブローカー)
2026.09.11 11:13:57,T,600019,-1004472107780_2406,BUY,4340.98,4349.07,80.9,2,14.73,22.3,1,T:半数決済
2026.09.11 11:13:58,G,600006,-1004472107780_2406,BUY,4340.98,4349.07,80.9,3,17.69,26.1,3,G:2段目(+80p)
2026.09.11 11:17:34,J,600009,-1004472107780_2414,BUY,4349.91,4348.49,-14.2,11,-1.39,0.0,0,SL確定足突破
2026.09.11 11:17:37,M,600012,-1004472107780_2414,BUY,4350.01,4348.49,-15.2,11,-2.49,0.1,0,SL確定足突破
2026.09.11 11:17:40,E,600004,-1004472107780_2414,BUY,4349.93,4348.49,-14.4,11,-2.26,0.2,0,SL確定足突破
2026.09.11 11:17:43,P,600015,-1004472107780_2414,BUY,4349.86,4348.49,-13.7,11,-0.09,0.3,0,SL確定足突破
2026.09.11 11:17:46,U,600020,-1004472107780_2414,BUY,4349.94,4348.49,-14.5,11,-0.96,0.4,0,SL確定足突破
2026.09.11 11:17:49,T,600019,-1004472107780_2414,BUY,4349.87,4348.49,-13.8,11,-13.24,0.5,0,SL確定足突破
2026.09.11 11:17:52,V,600021,-1004472107780_2414,BUY,4349.49,4348.49,-10.0,11,-10.61,0.6,0,SL確定足突破
2026.09.11 11:17:55,I,600008,-1004472107780_2414,BUY,4349.44,4348.49,-9.5,11,-2.86,0.7,0,SL確定足突破
2026.09.11 11:17:57,X,600023,-1004472107780_2414,BUY,4349.43,4348.49,-9.4,11,-4.01,0.8,0,SL確定足突破
2026.09.11 11:18:00,G,600006,-1004472107780_2414,BUY,4348.73,4348.49,-2.4,11,-2.53,0.9,0,SL確定足突破
2026.09.11 11:18:03,C,600002,-1004472107780_2414,BUY,4348.74,4348.49,-2.5,11,0.96,1.0,0,SL確定足突破
2026.09.11 11:18:06,H,600007,-1004472107780_2414,BUY,4348.31,4348.49,1.8,11,6.00,1.1,0,SL確定足突破
2026.09.11 11:18:09,Q,600016,-1004472107780_2414,BUY,4347.95,4348.49,5.4,11,13.35,1.2,0,SL確定足突破
2026.09.11 11:18:12,S,600018,-1004472107780_2414,BUY,4348.06,4348.49,4.3,11,11.09,1.3,0,SL確定足突破
2026.09.11 11:18:15,W,600022,-1004472107780_2414,BUY,4347.64,4348.49,8.5,11,15.67,1.4,0,SL確定足突破
2026.09.11 11:18:17,R,600017,-1004472107780_2414,BUY,4346.67,4348.49,18.2,11,29.75,1.5,0,SL確定足突破
2026.09.11 11:18:20,K,600010,-1004472107780_2414,BUY,4346.77,4348.49,17.2,11,31.40,1.6,0,SL確定足突破
2026.09.11 11:18:23,F,600005,-1004472107780_2414,BUY,4346.55,4348.49,19.4,11,31.02,1.7,0,SL確定足突破
2026.09.11 11:18:23,S,600018,-1004472107780_2413,BUY,4347.05,4348.49,14.4,1,2.73,1.7,0,SL確定足突破
2026.09.11 11:18:24,C,600002,-1004472107780_2413,BUY,4347.02,4348.49,14.7,1,2.75,1.7,0,SL確定足突破
2026.09.11 11:18:24,H,600007,-1004472107780_2413,BUY,4347.01,4348.49,14.8,1,2.62,1.8,0,SL確定足突破
2026.09.11 11:18:24,Q,600016,-1004472107780_2413,BUY,4347.00,4348.49,14.9,1,2.62,1.8,0,SL確定足突破
2026.09.11 11:18:24,P,600015,-1004472107780_2413,BUY,4347.10,4348.49,13.9,1,2.52,1.8,0,SL確定足突破
2026.09.11 11:18:25,V,600021,-1004472107780_2413,BUY,4347.10,4348.49,13.9,1,2.54,1.8,0,SL確定足突破
2026.09.11 11:18:25,X,600023,-1004472107780_2413,BUY,4347.07,4348.49,14.2,1,2.57,1.8,0,SL確定足突破
2026.09.11 11:18:25,J,600009,-1004472107780_2413,BUY,4346.99,4348.49,15.0,1,2.79,1.8,0,SL確定足突破
2026.09.11 11:18:26,U,600020,-1004472107780_2413,BUY,4346.99,4348.49,15.0,1,3.04,1.8,0,SL確定足突破
2026.09.11 11:18:26,G,600006,-1004472107780_2413,BUY,4347.01,4348.49,14.8,1,3.02,1.8,0,SL確定足突破
2026.09.11 11:18:26,M,600012,-1004472107780_2413,BUY,4347.01,4348.49,14.8,1,2.84,1.8,0,SL確定足突破
2026.09.11 11:18:26,K,600010,-1004472107780_2413,BUY,4347.01,4348.49,14.8,1,2.83,1.8,0,SL確定足突破
2026.09.11 11:18:26,W,600022,-1004472107780_2413,BUY,4346.86,4348.49,16.3,1,2.89,1.8,0,SL確定足突破
2026.09.11 11:18:27,T,600019,-1004472107780_2413,BUY,4346.86,4348.49,16.3,1,3.00,1.8,0,SL確定足突破
2026.09.11 11:18:27,E,600004,-1004472107780_2413,BUY,4346.86,4348.49,16.3,1,2.95,1.9,0,SL確定足突破
2026.09.11 11:18:27,F,600005,-1004472107780_2413,BUY,4347.00,4348.49,14.9,1,2.87,1.9,0,SL確定足突破
2026.09.11 11:18:28,I,600008,-1004472107780_2413,BUY,4347.00,4348.49,14.9,1,2.85,1.9,0,SL確定足突破
2026.09.11 11:18:28,R,600017,-1004472107780_2413,BUY,4346.97,4348.49,15.2,1,2.87,1.9,0,SL確定足突破
2026.09.11 11:18:29,E,600004,-1004472107780_2406,BUY,4340.98,4349.84,88.6,3,24.33,26.8,0,E:2.0倍水準到達
2026.09.11 11:21:38,K,600010,-1004472107780_2406,BUY,4340.98,4344.49,35.1,9,9.04,34.1,0,K:CLOSE_ALL
2026.09.11 11:21:38,K,600010,-1004472107780_2399,SELL,4353.60,4344.03,95.7,1,9.61,68.2,0,K:CLOSE_ALL
2026.09.11 11:21:39,K,600010,-1004472107780_2392,SELL,4356.02,4343.99,120.3,5,54.98,93.3,0,K:CLOSE_ALL
2026.09.11 11:24:14,H,600007,-1004472107780_2406,BUY,4340.98,4351.36,103.8,0,0.00,0.0,3,H:建値移動(決済なし)
2026.09.11 11:24:14,P,600015,-1004472107780_2406,BUY,4340.98,4351.36,103.8,2,21.54,32.6,1,P:半数決済
2026.09.11 11:24:15,S,600018,-1004472107780_2406,BUY,4340.98,4351.36,103.8,1,12.14,32.9,2,S:1段目
2026.09.11 11:24:15,Q,600016,-1004472107780_2406,BUY,4340.98,4354.14,131.6,2,24.75,32.6,1,Q:半数決済
2026.09.11 11:24:16,U,600020,-1004472107780_2406,BUY,4340.98,4356.25,152.7,2,31.10,32.6,1,U:半数決済
2026.09.11 11:24:16,T,600019,-1004472107780_2406,BUY,4340.98,4357.27,162.9,1,16.29,32.4,0,TP到達(ブローカー)
2026.09.11 11:25:03,S,600018,-1004472107780_2420,SELL,4350.54,4352.20,-16.6,12,-61.20,1.7,0,SL確定足突破
2026.09.11 11:25:06,P,600015,-1004472107780_2420,SELL,4350.54,4352.20,-16.6,12,-52.32,1.6,0,SL確定足突破
2026.09.11 11:25:09,E,600004,-1004472107780_2420,SELL,4350.54,4352.20,-16.6,12,-49.57,1.7,0,SL確定足突破
2026.09.11 11:25:12,U,600020,-1004472107780_2420,SELL,4350.54,4352.20,-16.6,12,-53.34,1.8,0,SL確定足突破
2026.09.11 11:25:16,X,600023,-1004472107780_2420,SELL,4350.54,4352.20,-16.6,12,-56.34,1.7,0,SL確定足突破
2026.09.11 11:25:19,H,600007,-1004472107780_2420,SELL,4350.54,4352.20,-16.6,12,-63.07,2.0,0,SL確定足突破
2026.09.11 11:25:22,V,600021,-1004472107780_2420,SELL,4350.54,4352.20,-16.6,12,-62.92,1.9,0,SL確定足突破
2026.09.11 11:25:25,M,600012,-1004472107780_2420,SELL,4350.54,4352.20,-16.6,12,-77.52,2.0,0,SL確定足突破
2026.09.11 11:25:28,R,600017,-1004472107780_2420,SELL,4350.54,4352.20,-16.6,12,-83.72,2.0,0,SL確定足突破
2026.09.11 11:25:31,W,600022,-1004472107780_2420,SELL,4350.54,4352.20,-16.6,12,-86.51,2.1,0,SL確定足突破
2026.09.11 11:25:34,T,600019,-1004472107780_2420,SELL,4350.54,4352.20,-16.6,12,-81.53,2.3,0,SL確定足突破
2026.09.11 11:25:38,I,600008,-1004472107780_2420,SELL,4350.54,4352.20,-16.6,12,-74.60,2.2,0,SL確定足突破
2026.09.11 11:25:41,J,600009,-1004472107780_2420,SELL,4350.54,4352.20,-16.6,12,-63.60,2.3,0,SL確定足突破
2026.09.11 11:25:44,Q,600016,-1004472107780_2420,SELL,4350.54,4352.20,-16.6,12,-60.61,2.3,0,SL確定足突破
2026.09.11 11:25:47,K,600010,-1004472107780_2420,SELL,4350.54,4352.20,-16.6,12,-63.37,2.4,0,SL確定足突破
2026.09.11 11:25:50,F,600005,-1004472107780_2420,SELL,4350.54,4352.20,-16.6,12,-63.98,2.4,0,SL確定足突破
2026.09.11 11:25:53,G,600006,-1004472107780_2420,SELL,4350.54,4352.20,-16.6,12,-61.85,2.6,0,SL確定足突破
2026.09.11 11:25:56,C,600002,-1004472107780_2420,SELL,4350.54,4352.20,-16.6,12,-65.61,2.6,0,SL確定足突破
2026.09.11 11:26:52,H,600007,-1004472107780_2423,SELL,4351.80,4353.23,-14.3,11,-3.04,0.0,0,SL確定足突破
2026.09.11 11:26:56,S,600018,-1004472107780_2423,SELL,4351.72,4353.23,-15.1,11,-7.90,0.1,0,SL確定足突破
2026.09.11 11:26:58,Q,600016,-1004472107780_2423,SELL,4351.96,4353.23,-12.7,11,-4.74,0.2,0,SL確定足突破
2026.09.11 11:27:01,P,600015,-1004472107780_2423,SELL,4352.41,4353.23,-8.2,11,3.72,0.3,0,SL確定足突破
2026.09.11 11:27:04,J,600009,-1004472107780_2423,SELL,4352.86,4353.23,-3.7,11,8.18,0.4,0,SL確定足突破
2026.09.11 11:27:07,C,600002,-1004472107780_2423,SELL,4353.32,4353.23,0.9,11,18.72,0.5,0,SL確定足突破
2026.09.11 11:27:10,E,600004,-1004472107780_2423,SELL,4353.37,4353.23,1.4,11,20.60,0.6,0,SL確定足突破
2026.09.11 11:27:13,U,600020,-1004472107780_2423,SELL,4353.12,4353.23,-1.1,11,23.35,0.7,0,SL確定足突破
2026.09.11 11:27:16,R,600017,-1004472107780_2423,SELL,4352.86,4353.23,-3.7,11,22.79,0.8,0,SL確定足突破
2026.09.11 11:27:19,X,600023,-1004472107780_2423,SELL,4353.72,4353.23,4.9,11,30.92,0.9,0,SL確定足突破
2026.09.11 11:27:22,I,600008,-1004472107780_2423,SELL,4354.44,4353.23,12.1,11,36.98,1.0,0,SL確定足突破
2026.09.11 11:27:24,V,600021,-1004472107780_2423,SELL,4354.97,4353.23,17.4,11,38.95,1.1,0,SL確定足突破
2026.09.11 11:27:27,F,600005,-1004472107780_2423,SELL,4353.22,4353.23,-0.1,11,27.54,1.2,0,SL確定足突破
2026.09.11 11:27:30,G,600006,-1004472107780_2423,SELL,4352.61,4353.23,-6.2,11,25.36,1.3,0,SL確定足突破
2026.09.11 11:27:33,K,600010,-1004472107780_2423,SELL,4352.77,4353.23,-4.6,11,26.07,1.4,0,SL確定足突破
2026.09.11 11:27:36,T,600019,-1004472107780_2423,SELL,4353.18,4353.23,-0.5,11,30.12,1.5,0,SL確定足突破
2026.09.11 11:27:39,W,600022,-1004472107780_2423,SELL,4353.14,4353.23,-0.9,11,30.90,1.6,0,SL確定足突破
2026.09.11 11:27:39,F,600005,-1004472107780_2422,SELL,4353.26,4350.21,30.5,1,3.05,1.7,0,F:半数決済(+20p)
2026.09.11 11:27:53,C,600002,-1004472107780_2422,SELL,4353.39,4349.38,40.1,1,3.82,1.9,0,C:TP1到達
2026.09.11 11:27:59,G,600006,-1004472107780_2422,SELL,4353.29,4349.24,40.5,1,3.95,2.0,0,G:1段目(+40p)
2026.09.11 11:28:00,Q,600016,-1004472107780_2406,BUY,4340.98,4349.32,83.4,1,8.39,36.1,0,SL確定足突破
2026.09.11 11:30:28,V,600021,-1004472107780_2422,SELL,4353.06,4353.12,-0.6,1,-0.06,4.5,0,建値SL(ブローカー)
2026.09.11 11:30:28,R,600017,-1004472107780_2422,SELL,4353.05,4353.12,-0.7,1,-0.07,4.5,0,建値SL(ブローカー)
2026.09.11 11:34:48,F,600005,-1004472107780_2426,SELL,4354.75,4352.75,20.0,1,1.90,1.2,1,F:半数決済(+20p)
2026.09.11 11:38:07,R,600017,-1004472107780_2426,SELL,4354.79,4354.42,3.7,1,-0.15,4.5,1,建値SL(ブローカー)
2026.09.11 11:38:19,F,600005,-1004472107780_2426,SELL,4354.75,4354.72,0.3,1,-0.05,4.6,0,建値SL(ブローカー)
2026.09.11 11:38:20,R,600017,-1004472107780_2426,SELL,4354.79,4354.83,-0.4,1,-0.04,4.8,0,建値SL(ブローカー)
2026.09.11 11:43:29,C,600002,-1004472107780_2426,SELL,4356.63,4352.53,41.0,3,6.52,9.7,3,C:TP1到達
2026.09.11 11:43:32,G,600006,-1004472107780_2426,SELL,4356.63,4352.53,41.0,2,3.69,9.9,4,G:1段目(+40p)
2026.09.11 11:43:35,W,600022,-1004472107780_2426,SELL,4356.63,4352.53,41.0,3,6.08,9.2,3,C:TP1到達
2026.09.11 11:43:39,J,600009,-1004472107780_2426,SELL,4356.63,4352.53,41.0,3,5.74,10.8,3,J:TP1到達
2026.09.11 11:43:46,H,600007,-1004472107780_2426,SELL,4356.63,4352.53,41.0,3,3.96,10.9,3,H:TP1到達
2026.09.11 11:43:48,I,600008,-1004472107780_2426,SELL,4356.63,4353.19,34.4,1,-0.02,17.9,5,建値SL(ブローカー)
2026.09.11 11:46:40,X,600023,-1004472107780_2426,SELL,4356.63,4354.77,18.6,1,-0.22,8.3,5,建値SL(ブローカー)
2026.09.11 11:46:40,I,600008,-1004472107780_2426,SELL,4356.63,4354.77,18.6,1,-0.22,8.3,4,建値SL(ブローカー)
2026.09.11 11:46:40,C,600002,-1004472107780_2426,SELL,4356.63,4355.66,9.7,1,-0.15,7.7,2,建値SL(ブローカー)
2026.09.11 11:46:40,W,600022,-1004472107780_2426,SELL,4356.63,4355.66,9.7,1,-0.15,7.7,2,建値SL(ブローカー)
2026.09.11 11:46:40,X,600023,-1004472107780_2426,SELL,4356.63,4355.66,9.7,2,-0.62,7.8,3,建値SL(ブローカー)
2026.09.11 11:46:40,J,600009,-1004472107780_2426,SELL,4356.63,4355.66,9.7,1,-0.15,7.7,2,建値SL(ブローカー)
2026.09.11 11:46:40,I,600008,-1004472107780_2426,SELL,4356.63,4355.66,9.7,2,-0.62,7.8,2,建値SL(ブローカー)
2026.09.11 11:46:40,H,600007,-1004472107780_2426,SELL,4356.63,4355.66,9.7,1,-0.15,7.7,2,建値SL(ブローカー)
2026.09.11 11:47:38,V,600021,-1004472107780_2426,SELL,4356.63,4352.27,43.6,3,7.61,10.7,3,V:半数決済
2026.09.11 11:47:42,E,600004,-1004472107780_2426,SELL,4356.63,4352.27,43.6,0,0.00,0.0,6,E:建値移動(決済なし)
2026.09.11 11:48:13,E,600004,-1004472107780_2426,SELL,4356.63,4353.30,33.3,1,-0.05,22.2,5,建値SL(ブローカー)
2026.09.11 11:50:24,E,600004,-1004472107780_2426,SELL,4356.63,4350.93,57.0,3,15.26,11.7,2,E:1.1倍水準到達
2026.09.11 11:50:31,E,600004,-1004472107780_2425,SELL,4354.48,4349.77,47.1,0,0.00,0.0,1,E:建値移動(決済なし)
2026.09.11 11:50:31,H,600007,-1004472107780_2425,SELL,4354.52,4349.77,47.5,1,4.46,17.0,0,H:TP1到達
2026.09.11 11:50:31,W,600022,-1004472107780_2425,SELL,4354.58,4349.77,48.1,1,4.52,17.0,0,C:TP1到達
2026.09.11 11:50:32,J,600009,-1004472107780_2425,SELL,4354.41,4349.77,46.4,1,4.67,17.0,0,J:TP1到達
2026.09.11 11:50:36,X,600023,-1004472107780_2426,SELL,4356.63,4349.77,68.6,2,9.12,18.1,1,X:半数決済
2026.09.11 11:55:11,E,600004,-1004472107780_2425,SELL,4354.48,4349.64,48.4,1,4.84,21.6,0,E:1.1倍水準到達
2026.09.11 11:55:26,I,600008,-1004472107780_2426,SELL,4356.63,4348.93,77.0,1,7.25,16.4,1,I:TP1(半数)
2026.09.11 11:55:30,G,600006,-1004472107780_2426,SELL,4356.63,4348.61,80.2,2,13.35,16.6,2,G:2段目(+80p)
2026.09.11 11:55:31,T,600019,-1004472107780_2426,SELL,4356.63,4348.61,80.2,3,17.28,22.6,3,T:半数決済
2026.09.11 11:55:47,X,600023,-1004472107780_2425,SELL,4354.42,4348.22,62.0,1,6.23,22.3,0,X:半数決済
2026.09.11 11:57:12,E,600004,-1004472107780_2426,SELL,4356.63,4347.82,88.1,2,16.35,16.9,0,E:2.0倍水準到達
2026.09.11 11:57:17,I,600008,-1004472107780_2425,SELL,4354.56,4346.94,76.2,1,7.45,23.8,0,I:TP1(半数)
2026.09.11 11:57:33,T,600019,-1004472107780_2425,SELL,4354.60,4346.60,80.0,1,8.00,24.0,0,T:半数決済
2026.09.11 11:57:33,S,600018,-1004472107780_2426,SELL,4356.63,4346.60,100.3,2,14.49,25.4,4,S:1段目
2026.09.11 11:57:35,P,600015,-1004472107780_2426,SELL,4356.63,4346.60,100.3,3,22.79,24.7,3,P:半数決済
2026.09.11 11:57:35,H,600007,-1004472107780_2426,SELL,4356.63,4346.60,100.3,0,0.00,0.0,2,H:建値移動(決済なし)
2026.09.11 12:01:30,U,600020,-1004472107780_2426,SELL,4356.63,4353.19,34.4,1,-0.07,35.5,5,建値SL(ブローカー)
2026.09.11 12:01:30,Q,600016,-1004472107780_2426,SELL,4356.63,4353.19,34.4,1,-0.16,35.5,5,建値SL(ブローカー)
2026.09.11 12:09:42,P,600015,-1004472107780_2425,SELL,4354.76,4344.73,100.3,1,10.03,36.2,0,P:半数決済
2026.09.11 12:10:00,X,600023,-1004472107780_2426,SELL,4356.63,4344.95,116.8,1,11.68,28.6,0,X:全決済
2026.09.11 12:10:04,C,600002,-1004472107780_2426,SELL,4356.63,4344.61,120.2,2,23.42,29.8,0,TP到達(ブローカー)
2026.09.11 12:10:04,V,600021,-1004472107780_2426,SELL,4356.63,4344.61,120.2,3,34.32,30.2,0,TP到達(ブローカー)
2026.09.11 12:10:04,W,600022,-1004472107780_2426,SELL,4356.63,4344.61,120.2,2,23.42,29.8,0,TP到達(ブローカー)
2026.09.11 12:10:04,J,600009,-1004472107780_2426,SELL,4356.63,4344.61,120.2,2,23.42,29.8,0,TP到達(ブローカー)
2026.09.11 12:10:05,Q,600016,-1004472107780_2426,SELL,4356.63,4344.61,120.2,3,31.28,31.4,2,Q:半数決済
2026.09.11 12:10:20,S,600018,-1004472107780_2425,SELL,4354.48,4344.34,101.4,1,10.14,36.8,0,S:1段目
2026.09.11 12:12:03,H,600007,-1004472107780_2437,BUY,4346.50,4344.00,-25.0,11,-53.28,6.9,0,SL確定足突破
2026.09.11 12:12:05,X,600023,-1004472107780_2437,BUY,4346.50,4344.00,-25.0,11,-53.70,7.0,0,SL確定足突破
2026.09.11 12:12:07,K,600010,-1004472107780_2437,BUY,4346.50,4344.00,-25.0,11,-54.29,7.0,0,SL確定足突破
2026.09.11 12:12:11,J,600009,-1004472107780_2437,BUY,4346.50,4344.00,-25.0,11,-51.60,7.1,0,SL確定足突破
2026.09.11 12:12:14,S,600018,-1004472107780_2437,BUY,4346.50,4344.00,-25.0,11,-50.87,7.2,0,SL確定足突破
2026.09.11 12:12:16,W,600022,-1004472107780_2437,BUY,4346.50,4344.00,-25.0,11,-52.43,7.2,0,SL確定足突破
2026.09.11 12:12:20,U,600020,-1004472107780_2437,BUY,4346.50,4344.00,-25.0,11,-51.41,7.3,0,SL確定足突破
2026.09.11 12:12:23,P,600015,-1004472107780_2437,BUY,4346.50,4344.00,-25.0,11,-49.87,7.3,0,SL確定足突破
2026.09.11 12:12:24,F,600005,-1004472107780_2437,BUY,4346.50,4344.00,-25.0,11,-48.77,7.4,0,SL確定足突破
2026.09.11 12:12:29,V,600021,-1004472107780_2437,BUY,4346.50,4344.00,-25.0,11,-48.20,7.4,0,SL確定足突破
2026.09.11 12:12:31,T,600019,-1004472107780_2437,BUY,4346.50,4344.00,-25.0,11,-48.71,7.4,0,SL確定足突破
2026.09.11 12:12:35,M,600012,-1004472107780_2437,BUY,4346.50,4344.00,-25.0,11,-49.03,7.5,0,SL確定足突破
2026.09.11 12:12:38,R,600017,-1004472107780_2437,BUY,4346.50,4344.00,-25.0,12,-60.22,7.8,0,SL確定足突破
2026.09.11 12:12:41,C,600002,-1004472107780_2437,BUY,4346.50,4344.00,-25.0,12,-59.84,7.8,0,SL確定足突破
2026.09.11 12:12:44,Q,600016,-1004472107780_2437,BUY,4346.50,4344.00,-25.0,12,-57.60,7.9,0,SL確定足突破
2026.09.11 12:12:47,G,600006,-1004472107780_2437,BUY,4346.50,4344.00,-25.0,12,-56.83,8.0,0,SL確定足突破
2026.09.11 12:12:50,E,600004,-1004472107780_2437,BUY,4346.50,4344.00,-25.0,12,-57.29,8.0,0,SL確定足突破
2026.09.11 12:12:53,I,600008,-1004472107780_2437,BUY,4346.50,4344.00,-25.0,12,-58.23,8.1,0,SL確定足突破
2026.09.11 12:15:00,Q,600016,-1004472107780_2425,SELL,4354.61,4342.61,120.0,1,12.00,41.4,0,Q:半数決済
2026.09.11 12:15:04,H,600007,-1004472107780_2406,BUY,4340.98,4341.95,9.7,1,-0.05,83.7,2,建値SL(ブローカー)
2026.09.11 12:32:00,I,600008,-1004472107780_2426,SELL,4356.63,4341.62,150.1,1,15.01,50.5,0,TP到達(ブローカー)
2026.09.11 12:32:00,H,600007,-1004472107780_2406,BUY,4340.98,4341.45,4.7,1,0.00,100.1,1,建値SL(ブローカー)
2026.09.11 12:32:00,S,600018,-1004472107780_2406,BUY,4340.98,4341.45,4.7,1,0.00,100.1,1,建値SL(ブローカー)
2026.09.11 12:32:01,U,600020,-1004472107780_2426,SELL,4356.63,4341.62,150.1,3,39.42,53.3,2,U:半数決済
2026.09.11 12:40:39,H,600007,-1004472107780_2406,BUY,4340.98,4340.95,-0.3,1,-0.03,108.8,0,建値SL(ブローカー)
2026.09.11 12:40:39,U,600020,-1004472107780_2406,BUY,4340.98,4340.95,-0.3,1,-0.03,108.8,0,建値SL(ブローカー)
2026.09.11 12:40:39,P,600015,-1004472107780_2406,BUY,4340.98,4340.95,-0.3,1,-0.03,108.8,0,建値SL(ブローカー)
2026.09.11 12:40:39,S,600018,-1004472107780_2406,BUY,4340.98,4340.95,-0.3,1,-0.03,108.8,0,建値SL(ブローカー)
2026.09.11 13:05:00,Q,600016,-1004472107780_2426,SELL,4356.63,4349.12,75.1,2,14.16,84.7,0,SL確定足突破
2026.09.11 13:50:36,T,600019,-1004472107780_2426,SELL,4356.63,4340.57,160.6,0,0.00,0.0,1,T:全決済
2026.09.11 13:50:36,T,600019,-1004472107780_2426,SELL,4356.63,4340.57,160.6,1,14.94,131.6,0,TP到達(ブローカー)
2026.09.11 13:54:00,M,600012,-1004472107780_2436,BUY,4354.13,4340.89,-132.4,1,-13.24,112.3,0,SL確定足突破
2026.09.11 13:54:00,K,600010,-1004472107780_2436,BUY,4354.13,4340.89,-132.4,1,-13.24,112.3,0,SL確定足突破
2026.09.11 13:54:00,F,600005,-1004472107780_2436,BUY,4354.13,4340.89,-132.4,1,-13.24,112.3,0,SL確定足突破
2026.09.11 13:54:01,T,600019,-1004472107780_2436,BUY,4354.13,4340.89,-132.4,1,-13.46,112.3,0,SL確定足突破
2026.09.11 13:54:01,P,600015,-1004472107780_2436,BUY,4354.13,4340.89,-132.4,1,-13.46,112.3,0,SL確定足突破
2026.09.11 13:54:02,W,600022,-1004472107780_2436,BUY,4354.06,4340.89,-131.7,1,-13.47,112.3,0,SL確定足突破
2026.09.11 13:54:02,J,600009,-1004472107780_2436,BUY,4354.06,4340.89,-131.7,1,-13.48,112.3,0,SL確定足突破
2026.09.11 13:54:02,V,600021,-1004472107780_2436,BUY,4354.06,4340.89,-131.7,1,-13.54,112.3,0,SL確定足突破
2026.09.11 13:54:02,U,600020,-1004472107780_2436,BUY,4354.05,4340.89,-131.6,1,-13.99,112.3,0,SL確定足突破
2026.09.11 13:54:03,S,600018,-1004472107780_2436,BUY,4354.05,4340.89,-131.6,1,-14.14,112.3,0,SL確定足突破
2026.09.11 13:54:03,X,600023,-1004472107780_2436,BUY,4354.21,4340.89,-133.2,1,-14.19,112.3,0,SL確定足突破
2026.09.11 13:54:03,H,600007,-1004472107780_2436,BUY,4354.21,4340.89,-133.2,1,-14.14,112.4,0,SL確定足突破
2026.09.11 13:55:51,U,600020,-1004472107780_2425,SELL,4354.76,4339.72,150.4,1,15.04,142.3,0,U:半数決済
2026.09.11 13:59:00,G,600006,-1004472107780_2406,BUY,4340.98,4337.49,-34.9,3,-11.94,187.3,0,SL確定足突破
2026.09.11 14:10:03,G,600006,-1004472107780_2426,SELL,4356.63,4336.51,201.2,2,39.56,149.8,0,G:3段目(+200p)
2026.09.11 14:10:03,S,600018,-1004472107780_2426,SELL,4356.63,4336.51,201.2,2,37.68,151.1,2,S:2段目
2026.09.11 14:36:50,F,600005,-1004472107780_2445,BUY,4330.47,4332.55,20.8,3,5.10,0.9,3,F:半数決済(+20p)
2026.09.11 14:42:43,R,600017,-1004472107780_2445,BUY,4330.38,4330.88,5.0,1,-0.01,7.3,5,建値SL(ブローカー)
2026.09.11 14:42:44,X,600023,-1004472107780_2445,BUY,4330.42,4330.83,4.1,1,0.00,7.3,5,建値SL(ブローカー)
2026.09.11 14:42:44,R,600017,-1004472107780_2445,BUY,4330.38,4330.78,4.0,2,-0.04,7.1,3,建値SL(ブローカー)
2026.09.11 14:43:07,R,600017,-1004472107780_2445,BUY,4330.38,4330.77,3.9,1,0.01,7.5,2,建値SL(ブローカー)
2026.09.11 14:43:07,F,600005,-1004472107780_2445,BUY,4330.47,4330.67,2.0,2,-0.12,7.0,1,建値SL(ブローカー)
2026.09.11 14:43:08,X,600023,-1004472107780_2445,BUY,4330.42,4330.50,0.8,5,-0.23,7.6,0,建値SL(ブローカー)
2026.09.11 14:43:08,R,600017,-1004472107780_2445,BUY,4330.38,4330.50,1.2,1,-0.07,7.5,1,建値SL(ブローカー)
2026.09.11 14:43:08,F,600005,-1004472107780_2445,BUY,4330.47,4330.40,-0.7,1,-0.07,6.9,0,建値SL(ブローカー)
2026.09.11 14:43:08,R,600017,-1004472107780_2445,BUY,4330.38,4330.37,-0.1,1,-0.01,7.1,0,建値SL(ブローカー)
2026.09.11 14:45:02,C,600002,-1004472107780_2445,BUY,4330.39,4334.86,44.7,3,13.08,9.5,3,C:TP1到達
2026.09.11 14:45:06,J,600009,-1004472107780_2445,BUY,4330.44,4334.86,44.2,3,12.24,9.2,3,J:TP1到達
2026.09.11 14:45:11,G,600006,-1004472107780_2445,BUY,4330.38,4334.86,44.8,2,8.19,9.6,4,G:1段目(+40p)
2026.09.11 14:45:15,H,600007,-1004472107780_2445,BUY,4330.38,4334.86,44.8,3,12.31,9.6,3,H:TP1到達
2026.09.11 14:45:18,W,600022,-1004472107780_2445,BUY,4330.47,4334.86,43.9,3,11.65,9.4,3,C:TP1到達
2026.09.11 14:45:25,V,600021,-1004472107780_2445,BUY,4330.47,4334.49,40.2,3,11.29,9.5,3,V:半数決済
2026.09.11 14:45:35,E,600004,-1004472107780_2445,BUY,4330.58,4334.93,43.5,0,0.00,0.0,6,E:建値移動(決済なし)
2026.09.11 14:45:49,E,600004,-1004472107780_2445,BUY,4330.58,4335.39,48.1,3,14.03,10.4,3,E:1.1倍水準到達
2026.09.11 14:54:59,T,600019,-1004472107780_2445,BUY,4330.38,4331.03,6.5,4,-0.12,19.0,2,建値SL(ブローカー)
2026.09.11 14:54:59,S,600018,-1004472107780_2445,BUY,4330.38,4331.03,6.5,1,-0.02,19.6,5,建値SL(ブローカー)
2026.09.11 14:55:00,I,600008,-1004472107780_2445,BUY,4330.57,4330.93,3.6,1,-0.05,19.6,5,建値SL(ブローカー)
2026.09.11 14:55:01,P,600015,-1004472107780_2445,BUY,4330.38,4330.80,4.2,1,-0.11,19.6,5,建値SL(ブローカー)
2026.09.11 14:55:01,Q,600016,-1004472107780_2445,BUY,4330.38,4330.80,4.2,3,-0.07,19.3,3,建値SL(ブローカー)
2026.09.11 14:55:01,T,600019,-1004472107780_2445,BUY,4330.38,4330.80,4.2,1,-0.04,19.6,1,建値SL(ブローカー)
2026.09.11 14:55:01,S,600018,-1004472107780_2445,BUY,4330.38,4330.80,4.2,4,-0.40,19.3,1,建値SL(ブローカー)
2026.09.11 14:55:01,W,600022,-1004472107780_2445,BUY,4330.47,4330.80,3.3,2,-0.06,18.9,1,建値SL(ブローカー)
2026.09.11 14:55:02,V,600021,-1004472107780_2445,BUY,4330.47,4330.75,2.8,1,0.01,18.8,2,建値SL(ブローカー)
2026.09.11 14:55:02,H,600007,-1004472107780_2445,BUY,4330.38,4330.75,3.7,2,-0.04,19.4,1,建値SL(ブローカー)
2026.09.11 14:55:02,Q,600016,-1004472107780_2445,BUY,4330.38,4330.75,3.7,1,-0.03,19.2,2,建値SL(ブローカー)
2026.09.11 14:55:02,P,600015,-1004472107780_2445,BUY,4330.38,4330.75,3.7,4,-0.06,19.0,1,建値SL(ブローカー)
2026.09.11 15:03:40,C,600002,-1004472107780_2445,BUY,4330.39,4330.56,1.7,2,-0.02,28.1,1,建値SL(ブローカー)
2026.09.11 15:03:40,V,600021,-1004472107780_2445,BUY,4330.47,4330.56,0.9,1,-0.04,27.4,1,建値SL(ブローカー)
2026.09.11 15:03:40,Q,600016,-1004472107780_2445,BUY,4330.38,4330.56,1.8,1,-0.09,27.8,1,建値SL(ブローカー)
2026.09.11 15:03:40,E,600004,-1004472107780_2445,BUY,4330.58,4330.56,-0.2,3,-0.17,28.2,0,建値SL(ブローカー)
2026.09.11 15:03:40,I,600008,-1004472107780_2445,BUY,4330.57,4330.56,-0.1,5,-0.08,27.7,0,建値SL(ブローカー)
2026.09.11 15:04:00,C,600002,-1004472107780_2445,BUY,4330.39,4330.35,-0.4,1,-0.04,28.5,0,建値SL(ブローカー)
2026.09.11 15:04:00,H,600007,-1004472107780_2445,BUY,4330.38,4330.35,-0.3,1,-0.03,27.9,0,建値SL(ブローカー)
2026.09.11 15:04:00,Q,600016,-1004472107780_2445,BUY,4330.38,4330.35,-0.3,1,-0.03,27.9,0,建値SL(ブローカー)
2026.09.11 15:04:00,T,600019,-1004472107780_2445,BUY,4330.38,4330.35,-0.3,1,-0.03,27.9,0,建値SL(ブローカー)
2026.09.11 15:04:00,S,600018,-1004472107780_2445,BUY,4330.38,4330.35,-0.3,1,-0.03,27.9,0,建値SL(ブローカー)
2026.09.11 15:04:00,J,600009,-1004472107780_2445,BUY,4330.44,4330.35,-0.9,3,-0.32,27.9,0,建値SL(ブローカー)
2026.09.11 15:04:00,V,600021,-1004472107780_2445,BUY,4330.47,4330.35,-1.2,1,-0.12,27.8,0,建値SL(ブローカー)
2026.09.11 15:04:00,P,600015,-1004472107780_2445,BUY,4330.38,4330.35,-0.3,1,-0.03,27.9,0,建値SL(ブローカー)
2026.09.11 15:04:00,W,600022,-1004472107780_2445,BUY,4330.47,4330.35,-1.2,1,-0.12,27.8,0,建値SL(ブローカー)
2026.09.11 15:10:46,F,600005,-1004472107780_2451,BUY,4326.56,4328.62,20.6,1,2.06,0.9,1,F:半数決済(+20p)
2026.09.11 15:12:01,V,600021,-1004472107780_2451,BUY,4326.55,4330.62,40.7,1,3.70,2.2,0,V:半数決済
2026.09.11 15:12:08,W,600022,-1004472107780_2451,BUY,4326.65,4330.84,41.9,1,4.21,2.2,1,C:TP1到達
2026.09.11 15:12:11,G,600006,-1004472107780_2451,BUY,4326.81,4330.84,40.3,1,3.08,2.4,2,G:1段目(+40p)
2026.09.11 15:12:20,J,600009,-1004472107780_2451,BUY,4326.96,4331.45,44.9,1,4.49,2.5,1,J:TP1到達
2026.09.11 15:12:24,E,600004,-1004472107780_2451,BUY,4326.82,4331.45,46.3,0,0.00,0.0,1,E:建値移動(決済なし)
2026.09.11 15:12:27,C,600002,-1004472107780_2451,BUY,4326.85,4331.45,46.0,1,4.97,2.6,1,C:TP1到達
2026.09.11 15:12:30,H,600007,-1004472107780_2451,BUY,4326.99,4331.45,44.6,1,4.83,2.6,0,H:TP1到達
2026.09.11 15:12:43,E,600004,-1004472107780_2451,BUY,4326.82,4332.08,52.6,1,2.94,2.9,0,E:1.1倍水準到達
2026.09.11 15:13:14,W,600022,-1004472107780_2451,BUY,4326.65,4326.73,0.8,1,-0.78,3.2,0,建値SL(ブローカー)
2026.09.11 15:13:14,I,600008,-1004472107780_2451,BUY,4326.54,4326.73,1.9,1,-0.69,3.0,1,建値SL(ブローカー)
2026.09.11 15:13:14,F,600005,-1004472107780_2451,BUY,4326.56,4326.73,1.7,1,-0.58,2.8,0,建値SL(ブローカー)
2026.09.11 15:13:14,S,600018,-1004472107780_2451,BUY,4326.64,4326.73,0.9,2,-0.86,3.2,0,建値SL(ブローカー)
2026.09.11 15:13:14,Q,600016,-1004472107780_2451,BUY,4326.51,4326.73,2.2,2,-0.81,3.1,0,建値SL(ブローカー)
2026.09.11 15:13:14,R,600017,-1004472107780_2451,BUY,4326.57,4326.73,1.6,2,-0.78,3.2,0,建値SL(ブローカー)
2026.09.11 15:13:14,P,600015,-1004472107780_2451,BUY,4326.83,4326.73,-1.0,2,-0.87,3.1,0,建値SL(ブローカー)
2026.09.11 15:13:14,J,600009,-1004472107780_2451,BUY,4326.96,4326.73,-2.3,1,-0.51,3.3,0,建値SL(ブローカー)
2026.09.11 15:13:14,T,600019,-1004472107780_2451,BUY,4326.82,4326.73,-0.9,1,-0.09,3.4,0,建値SL(ブローカー)
2026.09.11 15:13:14,C,600002,-1004472107780_2451,BUY,4326.85,4326.73,-1.2,1,-0.69,3.0,0,建値SL(ブローカー)
2026.09.11 15:13:14,X,600023,-1004472107780_2451,BUY,4326.85,4326.73,-1.2,2,-0.89,3.2,0,建値SL(ブローカー)
2026.09.11 15:15:40,F,600005,-1004472107780_2454,BUY,4327.27,4329.30,20.3,1,2.03,0.9,0,F:半数決済(+20p)
2026.09.11 15:17:29,H,600007,-1004472107780_2454,BUY,4326.88,4330.88,40.0,1,4.00,3.1,1,H:TP1到達
2026.09.11 15:17:35,E,600004,-1004472107780_2454,BUY,4327.49,4331.88,43.9,0,0.00,0.0,1,E:建値移動(決済なし)
2026.09.11 15:17:38,W,600022,-1004472107780_2454,BUY,4327.49,4331.88,43.9,1,4.39,2.6,0,C:TP1到達
2026.09.11 15:17:38,V,600021,-1004472107780_2454,BUY,4327.09,4331.88,47.9,1,4.85,2.9,1,V:半数決済
2026.09.11 15:17:41,J,600009,-1004472107780_2454,BUY,4327.33,4331.88,45.5,1,4.69,3.1,0,J:TP1到達
2026.09.11 15:17:47,G,600006,-1004472107780_2454,BUY,4326.97,4331.88,49.1,1,5.42,3.4,1,G:1段目(+40p)
2026.09.11 15:17:50,C,600002,-1004472107780_2454,BUY,4326.95,4331.88,49.3,1,4.91,3.6,1,C:TP1到達
2026.09.11 15:17:57,E,600004,-1004472107780_2454,BUY,4327.49,4332.31,48.2,1,5.17,3.0,0,E:1.1倍水準到達
2026.09.11 15:20:00,U,600020,-1004472107780_2445,BUY,4327.26,4330.44,31.8,6,-1.74,44.4,6,建値SL(ブローカー)
2026.09.11 15:20:18,U,600020,-1004472107780_2445,BUY,4327.26,4329.75,24.9,1,-0.14,16.3,5,建値SL(ブローカー)
2026.09.11 15:20:20,U,600020,-1004472107780_2445,BUY,4327.26,4329.46,22.0,1,0.01,16.3,4,建値SL(ブローカー)
2026.09.11 15:25:16,U,600020,-1004472107780_2445,BUY,4327.26,4328.87,16.1,1,-0.08,21.1,3,建値SL(ブローカー)
2026.09.11 15:25:27,U,600020,-1004472107780_2445,BUY,4327.26,4328.40,11.4,1,-0.07,19.4,2,建値SL(ブローカー)
2026.09.11 15:27:16,T,600019,-1004472107780_2454,BUY,4327.45,4335.82,83.7,1,8.19,12.0,0,T:半数決済
2026.09.11 15:27:16,I,600008,-1004472107780_2454,BUY,4327.63,4335.82,81.9,1,8.01,12.4,0,I:TP1(半数)
2026.09.11 15:27:17,R,600017,-1004472107780_2454,BUY,4327.46,4335.82,83.6,1,8.23,12.8,0,R:半数決済
2026.09.11 15:27:17,G,600006,-1004472107780_2454,BUY,4326.97,4335.82,88.5,1,8.34,12.8,0,G:2段目(+80p)
2026.09.11 15:27:17,G,600006,-1004472107780_2451,BUY,4327.06,4335.82,87.6,1,8.17,17.3,1,G:2段目(+80p)
2026.09.11 15:27:41,H,600007,-1004472107780_2454,BUY,4326.88,4336.92,100.4,0,0.00,0.0,1,H:建値移動(決済なし)
2026.09.11 15:27:42,X,600023,-1004472107780_2454,BUY,4327.01,4336.92,99.1,1,9.89,13.4,1,X:半数決済
2026.09.11 15:27:52,P,600015,-1004472107780_2454,BUY,4327.27,4337.34,100.7,1,10.07,13.2,0,P:半数決済
2026.09.11 15:27:52,S,600018,-1004472107780_2454,BUY,4327.34,4337.34,100.0,1,10.03,13.3,0,S:1段目
2026.09.11 15:27:57,G,600006,-1004472107780_2445,BUY,4330.38,4338.53,81.5,2,15.76,52.2,2,G:2段目(+80p)
2026.09.11 15:27:58,Q,600016,-1004472107780_2454,BUY,4326.79,4338.80,120.1,1,11.45,13.5,1,Q:半数決済
2026.09.11 15:28:00,S,600018,-1004472107780_2426,SELL,4356.63,4337.80,188.3,2,38.94,227.7,0,SL確定足突破
2026.09.11 15:28:55,V,600021,-1004472107780_2454,BUY,4327.09,4339.39,123.0,1,12.30,14.2,0,TP到達(ブローカー)
2026.09.11 15:28:55,C,600002,-1004472107780_2454,BUY,4326.95,4339.39,124.4,1,12.44,14.7,0,TP到達(ブローカー)
2026.09.11 15:29:25,U,600020,-1004472107780_2451,BUY,4324.98,4339.98,150.0,4,51.84,17.7,3,U:半数決済
2026.09.11 15:29:31,U,600020,-1004472107780_2445,BUY,4327.26,4342.32,150.6,1,13.95,23.3,1,U:半数決済
2026.09.11 15:29:37,U,600020,-1004472107780_2454,BUY,4327.49,4342.50,150.1,1,15.01,14.7,0,U:半数決済
2026.09.11 15:30:02,Q,600016,-1004472107780_2454,BUY,4326.79,4320.29,-65.0,1,-6.50,15.6,0,建値SL(ブローカー)
2026.09.11 15:30:02,H,600007,-1004472107780_2454,BUY,4326.88,4320.29,-65.9,1,-6.59,15.7,0,建値SL(ブローカー)
2026.09.11 15:30:02,X,600023,-1004472107780_2454,BUY,4327.01,4320.29,-67.2,1,-6.72,15.7,0,建値SL(ブローカー)
2026.09.11 15:30:02,U,600020,-1004472107780_2451,BUY,4324.98,4320.29,-46.9,3,-15.26,16.1,0,建値SL(ブローカー)
2026.09.11 15:30:02,U,600020,-1004472107780_2445,BUY,4327.26,4320.29,-69.7,1,-6.97,23.5,0,建値SL(ブローカー)
2026.09.11 15:31:02,K,600010,-1004472107780_2454,BUY,4320.54,4296.53,-240.1,11,-259.24,3.9,0,SL確定足突破
2026.09.11 15:31:05,K,600010,-1004472107780_2451,BUY,4320.54,4296.53,-240.1,12,-309.23,11.5,0,SL確定足突破
2026.09.11 15:31:06,G,600006,-1004472107780_2451,BUY,4327.06,4296.53,-305.3,1,-30.58,21.1,0,SL確定足突破
2026.09.11 15:31:06,G,600006,-1004472107780_2445,BUY,4330.38,4296.53,-338.5,2,-68.68,55.2,0,SL確定足突破
2026.09.11 15:31:09,K,600010,-1004472107780_2445,BUY,4327.26,4296.53,-307.3,12,-408.51,40.6,0,SL確定足突破
2026.09.11 15:40:34,U,600020,-1004472107780_2426,SELL,4356.63,4356.31,3.2,1,-0.30,241.5,1,建値SL(ブローカー)
2026.09.11 15:40:34,H,600007,-1004472107780_2426,SELL,4356.63,4356.31,3.2,1,-0.30,241.5,1,建値SL(ブローカー)
2026.09.11 15:40:36,U,600020,-1004472107780_2426,SELL,4356.63,4356.67,-0.4,1,-0.04,239.2,0,建値SL(ブローカー)
2026.09.11 15:40:36,H,600007,-1004472107780_2426,SELL,4356.63,4356.67,-0.4,1,-0.04,239.2,0,建値SL(ブローカー)
2026.09.11 15:47:01,K,600010,-1004472107780_2426,SELL,4356.63,4364.33,-77.0,6,-55.12,249.9,0,SL確定足突破
2026.09.11 15:51:00,K,600010,-1004472107780_2425,SELL,4354.80,4370.22,-154.2,1,-15.38,257.4,0,SL確定足突破
2026.09.11 15:53:02,T,600019,-1004472107780_2331,BUY,4362.00,4378.20,162.0,2,30.47,1465.0,0,TP到達(ブローカー)
